,No.,A1,A2,A3,A4,A5,A6,A7,A8,A9,A10,A11,A12,A13,B1,B2,B3,B4,B5,B6,B7,B8,B9,B10,B11,B12,B13,B14,B15,B16,B17
0,1,1,2.0,0,3.0,1,9,8.0,2,1.0,3.0,2.0,3,0,3.0,4,3,5.0,4,2.0,1.0,4.0,3.0,2.0,3.0,3,3.0,2.0,1,1.0,7.0
1,2,2,6.0,0,3.0,1,3,1.0,9,3.0,4.0,2.0,1,4,2.0,3,2,5.0,5,3.0,2.0,2.0,2.0,1.0,3.0,4,3.0,4.0,2,2.0,7.0
2,3,2,4.0,0,3.0,1,4,7.0,3,3.0,2.0,2.0,2,2,3.0,3,3,4.0,3,3.0,3.0,3.0,3.0,4.0,3.0,3,3.0,2.0,2,3.0,6.0
3,4,2,5.0,0,3.0,1,5,2.0,14,2.0,1.0,1.0,1,3,2.0,3,3,3.0,4,2.0,2.0,3.0,3.0,3.0,3.0,3,3.0,3.0,3,3.0,8.0
4,5,1,2.0,0,3.0,3,3,1.0,8,1.0,4.0,2.0,1,1,3.0,3,3,3.0,4,3.0,3.0,3.0,3.0,3.0,2.0,2,3.0,3.0,1,1.0,10.0
5,6,1,2.0,0,2.0,2,8,1.0,12,1.0,4.0,2.0,3,1,3.0,2,2,2.0,3,3.0,2.0,2.0,2.0,3.0,3.0,3,3.0,2.0,1,1.0,7.0
6,7,2,4.0,0,3.0,1,9,3.0,5,2.0,2.0,1.0,2,4,3.0,3,3,3.0,3,3.0,3.0,3.0,3.0,2.0,3.0,3,3.0,3.0,2,2.0,6.0
7,8,2,4.0,0,3.0,1,3,1.0,13,2.0,4.0,2.0,2,0,2.0,5,2,3.0,5,3.0,4.0,2.0,5.0,5.0,2.0,4,5.0,2.0,2,2.0,5.0
8,9,1,4.0,0,3.0,1,2,1.0,13,2.0,4.0,2.0,1,3,4.0,5,3,1.0,5,1.0,5.0,3.0,3.0,3.0,5.0,5,5.0,3.0,3,1.0,6.0
9,10,2,2.0,0,3.0,1,5,1.0,9,2.0,1.0,1.0,3,1,3.0,3,3,4.0,1,3.0,3.0,3.0,4.0,4.0,3.0,3,1.0,2.0,2,1.0,10.0
10,11,2,4.0,0,3.0,1,2,1.0,9,2.0,1.0,1.0,1,3,2.0,3,3,2.0,3,3.0,2.0,3.0,2.0,1.0,3.0,3,4.0,4.0,2,3.0,10.0
11,12,2,4.0,0,3.0,1,2,1.0,14,2.0,4.0,2.0,1,4,5.0,5,5,5.0,5,3.0,5.0,5.0,3.0,3.0,3.0,3,5.0,3.0,3,1.0,1.0
12,13,1,2.0,0,2.0,1,8,1.0,8,1.0,1.0,2.0,2,0,3.0,3,3,3.0,4,4.0,4.0,3.0,4.0,5.0,2.0,3,5.0,3.0,1,3.0,5.0
13,14,2,3.0,0,2.0,1,8,1.0,9,2.0,1.0,1.0,3,1,2.0,2,2,2.0,3,3.0,3.0,2.0,3.0,2.0,2.0,3,3.0,2.0,2,2.0,7.0
14,15,2,3.0,0,3.0,2,9,1.0,4,1.0,4.0,2.0,4,0,2.0,3,2,1.0,2,2.0,2.0,2.0,1.0,1.0,1.0,1,2.0,1.0,2,2.0,10.0
15,16,1,2.0,0,2.0,1,9,4.0,14,1.0,4.0,2.0,1,0,1.0,2,1,1.0,1,2.0,2.0,1.0,1.0,2.0,1.0,2,1.0,2.0,1,2.0,9.0
16,17,2,2.0,0,1.0,1,9,4.0,8,1.0,4.0,2.0,3,0,2.0,2,2,2.0,3,3.0,2.0,2.0,2.0,3.0,3.0,2,2.0,2.0,2,1.0,7.0
17,18,2,2.0,0,2.0,1,8,5.0,8,2.0,2.0,2.0,3,1,2.0,3,3,3.0,3,3.0,3.0,3.0,3.0,3.0,2.0,3,3.0,3.0,2,3.0,6.0
18,19,1,2.0,0,2.0,1,8,1.0,8,1.0,4.0,2.0,2,1,4.0,5,3,5.0,4,3.0,3.0,2.0,2.0,2.0,2.0,3,3.0,5.0,2,1.0,6.0
19,20,1,2.0,0,2.0,2,4,1.0,3,1.0,4.0,2.0,3,3,2.0,3,1,3.0,3,3.0,2.0,1.0,1.0,2.0,1.0,1,1.0,2.0,2,2.0,8.0
20,21,2,2.0,0,2.0,1,9,1.0,7,1.0,1.0,2.0,3,0,3.0,3,3,3.0,3,4.0,2.0,2.0,2.0,5.0,1.0,2,3.0,2.0,2,3.0,8.0
21,22,2,2.0,0,2.0,1,9,1.0,8,1.0,1.0,1.0,4,0,2.0,2,2,2.0,2,2.0,2.0,2.0,1.0,4.0,1.0,2,2.0,3.0,1,2.0,8.0
23,24,2,2.0,0,2.0,4,9,1.0,5,1.0,4.0,2.0,1,1,2.0,2,2,2.0,2,3.0,2.0,2.0,2.0,3.0,1.0,3,3.0,4.0,2,1.0,9.0
24,25,1,4.0,0,1.0,1,8,1.0,3,2.0,2.0,2.0,2,0,3.0,3,3,2.0,3,3.0,3.0,2.0,3.0,4.0,2.0,2,2.0,3.0,2,3.0,6.0
25,26,1,4.0,0,3.0,1,3,1.0,10,4.0,1.0,1.0,3,3,2.0,2,2,3.0,4,3.0,2.0,3.0,4.0,4.0,3.0,2,4.0,4.0,2,2.0,7.0
26,27,1,2.0,0,1.0,1,9,5.0,12,1.0,1.0,2.0,2,2,1.0,2,2,3.0,1,2.0,2.0,2.0,1.0,2.0,1.0,3,2.0,2.0,2,1.0,8.0
27,28,1,3.0,0,2.0,1,3,1.0,9,1.0,1.0,2.0,1,1,3.0,3,3,3.0,1,3.0,3.0,3.0,3.0,3.0,1.0,2,1.0,3.0,1,1.0,9.0
28,29,2,2.0,0,3.0,1,6,1.0,5,1.0,2.0,1.0,4,2,2.0,2,2,3.0,3,3.0,2.0,3.0,3.0,3.0,2.0,3,3.0,2.0,1,2.0,5.0
29,30,1,2.0,1,1.0,2,8,1.0,2,2.0,1.0,1.0,2,0,1.0,2,2,3.0,2,1.0,1.0,1.0,2.0,4.0,1.0,1,2.0,1.0,1,1.0,8.0
30,31,2,4.0,0,3.0,1,5,1.0,15,2.0,1.0,2.0,2,2,1.0,1,2,2.0,4,2.0,2.0,2.0,2.0,4.0,2.0,2,2.0,2.0,2,2.0,10.0
31,32,1,4.0,0,3.0,1,3,1.0,14,2.0,4.0,2.0,1,2,1.0,3,3,2.0,5,2.0,2.0,2.0,2.0,2.0,2.0,3,4.0,3.0,3,3.0,7.0
32,33,2,2.0,0,1.0,1,9,5.0,9,2.0,2.0,1.0,5,1,1.0,2,2,3.0,3,2.0,2.0,2.0,1.0,3.0,2.0,2,3.0,2.0,2,1.0,8.0
33,34,2,2.0,0,1.0,1,8,1.0,8,1.0,4.0,2.0,1,2,2.0,3,3,2.0,2,3.0,3.0,2.0,2.0,2.0,2.0,2,3.0,2.0,2,2.0,7.0
34,35,1,2.0,0,3.0,1,3,1.0,8,1.0,4.0,2.0,1,0,3.0,3,3,4.0,3,3.0,3.0,2.0,2.0,2.0,3.0,3,3.0,4.0,1,3.0,6.0
35,36,2,5.0,0,3.0,1,1,1.0,11,2.0,1.0,2.0,2,2,3.0,5,4,3.0,2,3.0,4.0,2.0,1.0,3.0,3.0,3,5.0,3.0,3,3.0,10.0
36,37,2,2.0,0,2.0,2,8,7.0,8,1.0,4.0,2.0,1,1,3.0,3,3,3.0,4,3.0,3.0,3.0,3.0,3.0,3.0,3,3.0,3.0,2,2.0,9.0
37,38,2,2.0,0,3.0,1,4,2.0,8,2.0,2.0,1.0,1,2,4.0,4,2,3.0,1,1.0,4.0,2.0,2.0,5.0,1.0,2,5.0,2.0,1,1.0,5.0
38,39,1,5.0,0,3.0,1,8,3.0,15,2.0,1.0,2.0,2,3,3.0,3,3,3.0,4,3.0,3.0,3.0,3.0,3.0,3.0,3,4.0,4.0,3,3.0,6.0
39,40,1,3.0,0,1.0,1,3,1.0,10,2.0,1.0,2.0,2,2,4.0,5,4,4.0,2,1.0,2.0,2.0,2.0,4.0,2.0,2,5.0,3.0,2,3.0,6.0
40,41,1,4.0,0,3.0,1,5,1.0,12,2.0,4.0,1.0,2,1,3.0,3,3,3.0,5,4.0,5.0,3.0,2.0,2.0,1.0,4,5.0,4.0,4,2.0,6.0
41,42,1,2.0,0,1.0,1,9,1.0,3,1.0,1.0,2.0,3,0,2.0,2,2,2.0,4,4.0,3.0,3.0,2.0,1.0,2.0,3,4.0,3.0,2,2.0,7.0
42,43,2,4.0,0,3.0,1,5,4.0,8,1.0,2.0,2.0,2,2,3.0,3,3,3.0,5,3.0,3.0,4.0,2.0,3.0,2.0,3,5.0,3.0,3,2.0,5.0
43,44,1,2.0,0,2.0,1,9,1.0,15,1.0,4.0,2.0,3,0,3.0,3,3,4.0,2,2.0,3.0,4.0,1.0,3.0,2.0,3,2.0,2.0,1,2.0,7.0
44,45,2,4.0,0,2.0,6,6,5.0,10,2.0,1.0,2.0,2,2,3.0,3,3,3.0,2,3.0,4.0,3.0,2.0,2.0,3.0,4,4.0,3.0,2,3.0,6.0
45,46,2,3.0,0,3.0,1,2,1.0,12,2.0,4.0,2.0,2,3,3.0,5,3,2.0,2,2.0,3.0,2.0,2.0,5.0,2.0,2,4.0,2.0,4,2.0,5.0
46,47,1,4.0,0,3.0,1,3,1.0,12,2.0,1.0,2.0,2,2,3.0,2,3,4.0,4,4.0,2.0,3.0,2.0,3.0,4.0,3,4.0,3.0,3,2.0,6.0
48,49,1,1.0,0,3.0,1,3,1.0,15,1.0,1.0,1.0,4,0,5.0,3,2,1.0,3,3.0,2.0,1.0,3.0,4.0,1.0,2,3.0,1.0,1,1.0,10.0
49,50,1,4.0,0,1.0,2,10,1.0,5,4.0,4.0,1.0,4,1,2.0,2,2,5.0,5,3.0,2.0,5.0,3.0,2.0,4.0,3,5.0,5.0,4,3.0,6.0
50,51,1,2.0,0,2.0,2,8,1.0,10,1.0,1.0,1.0,1,2,2.0,3,3,3.0,3,1.0,2.0,3.0,4.0,1.0,2.0,2,3.0,2.0,2,1.0,9.0
51,52,2,2.0,0,3.0,1,9,2.0,4,2.0,1.0,1.0,3,0,2.0,3,2,3.0,3,2.0,3.0,3.0,3.0,4.0,2.0,3,4.0,3.0,2,2.0,7.0
53,54,2,2.0,0,2.0,1,8,1.0,15,2.0,1.0,2.0,1,2,2.0,2,2,1.0,3,2.0,2.0,2.0,2.0,3.0,2.0,2,2.0,2.0,1,1.0,8.0
54,55,1,2.0,0,2.0,1,9,7.0,15,1.0,1.0,2.0,4,0,2.0,3,3,2.0,4,5.0,2.0,5.0,1.0,2.0,4.0,4,4.0,3.0,2,3.0,7.0
56,57,1,2.0,0,1.0,1,9,1.0,6,1.0,1.0,1.0,3,2,2.0,3,3,2.0,2,2.0,2.0,3.0,1.0,4.0,3.0,2,1.0,2.0,2,1.0,6.0
57,58,1,2.0,0,1.0,1,9,1.0,6,2.0,1.0,1.0,4,1,2.0,3,3,4.0,5,3.0,2.0,2.0,3.0,2.0,3.0,3,3.0,3.0,3,1.0,9.0
58,59,1,3.0,0,1.0,1,9,1.0,4,1.0,4.0,2.0,2,1,3.0,3,3,3.0,3,2.0,2.0,2.0,2.0,2.0,2.0,4,3.0,2.0,3,2.0,6.0
59,60,2,4.0,0,3.0,1,3,1.0,9,2.0,4.0,2.0,2,7,3.0,3,3,3.0,5,3.0,3.0,3.0,4.0,3.0,2.0,3,5.0,3.0,3,1.0,9.0
60,61,1,2.0,0,2.0,1,9,1.0,8,1.0,1.0,2.0,3,0,2.0,3,3,3.0,3,5.0,2.0,2.0,1.0,5.0,2.0,3,2.0,3.0,3,1.0,7.0
61,62,1,5.0,0,1.0,1,6,1.0,9,2.0,4.0,2.0,1,4,3.0,3,3,4.0,4,2.0,2.0,3.0,2.0,2.0,3.0,3,3.0,3.0,4,1.0,9.0
62,63,1,2.0,0,2.0,1,9,1.0,9,1.0,4.0,2.0,1,0,2.0,4,1,3.0,3,2.0,2.0,2.0,1.0,2.0,2.0,2,2.0,2.0,2,1.0,7.0
64,65,1,5.0,0,3.0,1,3,1.0,12,2.0,4.0,2.0,1,3,2.0,2,1,2.0,5,1.0,3.0,3.0,1.0,2.0,1.0,4,4.0,3.0,1,1.0,7.0
65,66,2,2.0,0,2.0,1,8,1.0,15,1.0,4.0,2.0,1,1,3.0,5,2,4.0,1,3.0,4.0,4.0,1.0,1.0,2.0,3,2.0,3.0,2,1.0,6.0
66,67,1,4.0,0,3.0,4,9,1.0,15,1.0,4.0,2.0,1,3,1.0,1,3,1.0,1,1.0,1.0,1.0,1.0,1.0,1.0,2,1.0,1.0,1,1.0,10.0
67,68,2,2.0,1,3.0,1,5,1.0,6,2.0,1.0,1.0,1,4,2.0,3,3,3.0,3,2.0,3.0,3.0,2.0,1.0,1.0,2,3.0,3.0,2,3.0,6.0
68,69,1,5.0,0,1.0,2,1,1.0,10,1.0,4.0,2.0,2,4,4.0,3,4,2.0,4,3.0,3.0,3.0,2.0,2.0,3.0,3,2.0,3.0,2,2.0,5.0
70,71,2,1.0,0,2.0,1,8,2.0,4,1.0,4.0,2.0,1,0,2.0,2,2,3.0,3,3.0,3.0,1.0,2.0,1.0,2.0,2,3.0,3.0,2,2.0,7.0
71,72,2,3.0,0,3.0,1,8,1.0,9,2.0,1.0,1.0,1,2,3.0,3,3,3.0,3,3.0,3.0,3.0,3.0,3.0,3.0,5,5.0,3.0,3,3.0,5.0
72,73,2,2.0,0,3.0,1,8,1.0,8,1.0,2.0,2.0,3,2,1.0,1,1,1.0,1,1.0,1.0,1.0,1.0,1.0,1.0,1,1.0,1.0,1,1.0,10.0
73,74,1,2.0,0,1.0,1,8,10.0,8,1.0,1.0,2.0,1,1,3.0,3,3,2.0,3,3.0,3.0,3.0,2.0,3.0,3.0,3,3.0,3.0,3,2.0,8.0
74,75,1,2.0,0,3.0,2,8,10.0,3,1.0,2.0,1.0,4,1,3.0,3,3,3.0,3,2.0,2.0,3.0,2.0,3.0,3.0,3,2.0,2.0,2,1.0,6.0
75,76,2,1.0,0,3.0,1,5,1.0,8,1.0,4.0,2.0,1,1,2.0,2,2,2.0,2,2.0,2.0,2.0,3.0,2.0,2.0,2,2.0,2.0,2,3.0,5.0
76,77,2,2.0,0,2.0,1,8,3.0,3,1.0,4.0,2.0,1,1,2.0,2,1,2.0,3,2.0,1.0,2.0,2.0,1.0,2.0,3,2.0,3.0,1,1.0,10.0
77,78,2,3.0,0,2.0,1,9,9.0,14,2.0,4.0,2.0,3,0,2.0,2,4,4.0,2,3.0,2.0,2.0,3.0,3.0,4.0,4,4.0,4.0,4,3.0,5.0
78,79,1,5.0,0,3.0,1,3,10.0,13,2.0,4.0,2.0,1,1,4.0,4,4,3.0,3,2.0,2.0,4.0,3.0,1.0,4.0,4,4.0,4.0,3,1.0,6.0
79,80,2,5.0,0,1.0,1,3,9.0,2,2.0,1.0,1.0,1,4,3.0,3,3,1.0,5,3.0,3.0,1.0,1.0,4.0,2.0,2,1.0,3.0,3,5.0,7.0
80,81,2,2.0,0,2.0,1,9,2.0,3,1.0,1.0,2.0,2,0,4.0,5,3,4.0,3,3.0,4.0,3.0,4.0,2.0,1.0,1,3.0,4.0,3,2.0,5.0
82,83,2,2.0,0,2.0,1,4,2.0,14,2.0,4.0,1.0,1,2,3.0,3,3,3.0,3,3.0,3.0,3.0,3.0,3.0,3.0,3,3.0,3.0,1,1.0,5.0
83,84,2,5.0,0,3.0,1,4,2.0,3,3.0,1.0,2.0,1,3,2.0,3,3,2.0,5,5.0,4.0,2.0,2.0,2.0,2.0,2,5.0,4.0,2,2.0,3.0
84,85,1,4.0,0,3.0,1,5,2.0,6,2.0,1.0,2.0,2,3,3.0,3,2,4.0,1,1.0,3.0,3.0,3.0,3.0,2.0,2,4.0,4.0,2,2.0,5.0
85,86,1,2.0,0,2.0,2,6,2.0,9,2.0,1.0,2.0,1,1,3.0,4,3,4.0,4,4.0,2.0,1.0,1.0,3.0,1.0,1,3.0,3.0,3,1.0,9.0
86,87,2,2.0,0,2.0,1,9,10.0,14,1.0,4.0,2.0,1,1,3.0,3,3,3.0,3,3.0,3.0,3.0,2.0,4.0,2.0,2,2.0,3.0,3,1.0,6.0
87,88,2,3.0,0,3.0,1,8,2.0,12,2.0,1.0,1.0,1,0,2.0,3,3,3.0,4,4.0,2.0,3.0,3.0,5.0,3.0,3,3.0,5.0,3,2.0,6.0
88,89,1,5.0,0,3.0,1,3,2.0,4,2.0,1.0,2.0,1,7,2.0,3,2,2.0,3,1.0,2.0,1.0,1.0,4.0,1.0,3,3.0,2.0,3,2.0,8.0
89,90,1,3.0,0,3.0,1,3,3.0,3,2.0,4.0,2.0,1,1,3.0,3,3,3.0,1,3.0,3.0,3.0,2.0,2.0,2.0,2,3.0,2.0,2,2.0,6.0
90,91,2,3.0,0,3.0,1,3,2.0,8,2.0,1.0,2.0,2,3,2.0,3,2,3.0,3,2.0,2.0,2.0,1.0,1.0,2.0,2,3.0,2.0,3,2.0,7.0
91,92,1,1.0,0,2.0,1,9,9.0,15,1.0,4.0,2.0,3,1,2.0,3,3,2.0,3,3.0,2.0,2.0,2.0,2.0,3.0,3,3.0,3.0,2,2.0,7.0
92,93,2,5.0,0,3.0,2,2,2.0,14,2.0,1.0,2.0,3,6,2.0,2,2,2.0,3,3.0,2.0,3.0,1.0,1.0,3.0,2,2.0,3.0,3,2.0,7.0
93,94,1,2.0,0,3.0,1,3,2.0,8,1.0,4.0,2.0,2,3,3.0,3,2,2.0,3,3.0,3.0,2.0,2.0,2.0,2.0,2,2.0,2.0,2,2.0,7.0
94,95,1,3.0,0,3.0,1,3,2.0,9,2.0,1.0,2.0,3,2,2.0,2,2,2.0,3,2.0,2.0,2.0,2.0,2.0,2.0,2,3.0,3.0,2,2.0,8.0
95,96,2,3.0,0,3.0,1,3,2.0,14,2.0,1.0,2.0,3,1,2.0,2,3,2.0,2,1.0,1.0,2.0,1.0,2.0,2.0,3,3.0,2.0,2,3.0,8.0
96,97,1,4.0,0,3.0,2,2,2.0,14,2.0,1.0,2.0,3,2,2.0,2,3,3.0,3,3.0,2.0,2.0,1.0,1.0,1.0,2,3.0,2.0,3,2.0,7.0
97,98,1,5.0,0,3.0,2,1,2.0,14,2.0,1.0,2.0,2,3,2.0,2,3,2.0,3,2.0,1.0,2.0,1.0,2.0,2.0,2,3.0,2.0,3,2.0,9.0
98,99,2,2.0,0,3.0,1,4,2.0,4,1.0,4.0,2.0,2,1,2.0,2,2,3.0,2,1.0,2.0,2.0,1.0,1.0,1.0,2,3.0,2.0,1,1.0,9.0
99,100,1,3.0,0,3.0,1,9,2.0,5,2.0,1.0,1.0,4,1,3.0,3,2,3.0,4,3.0,3.0,2.0,2.0,2.0,2.0,2,2.0,2.0,2,2.0,7.0
100,101,1,3.0,1,3.0,5,4,2.0,12,2.0,1.0,1.0,2,3,2.0,3,3,3.0,3,4.0,2.0,2.0,3.0,3.0,2.0,3,5.0,2.0,1,3.0,4.0
101,102,2,2.0,0,2.0,1,7,2.0,12,1.0,4.0,1.0,2,2,3.0,4,3,3.0,3,3.0,3.0,2.0,2.0,2.0,2.0,3,3.0,2.0,3,1.0,0.0
102,103,2,1.0,0,2.0,1,9,2.0,4,1.0,4.0,2.0,2,0,3.0,3,2,3.0,3,1.0,3.0,3.0,2.0,3.0,2.0,2,2.0,3.0,3,2.0,7.0
103,104,2,2.0,0,3.0,1,9,2.0,9,1.0,4.0,2.0,2,1,2.0,3,2,3.0,4,2.0,3.0,3.0,2.0,3.0,3.0,4,5.0,4.0,4,3.0,7.0
104,105,1,3.0,0,1.0,1,10,2.0,3,2.0,1.0,1.0,3,1,2.0,2,1,1.0,2,2.0,3.0,2.0,2.0,2.0,4.0,1,1.0,2.0,2,1.0,8.0
105,106,2,2.0,0,2.0,1,8,7.0,8,1.0,1.0,2.0,2,1,2.0,3,2,2.0,2,2.0,2.0,2.0,2.0,2.0,1.0,2,3.0,3.0,1,2.0,9.0
106,107,2,2.0,0,3.0,1,8,2.0,8,1.0,4.0,2.0,2,0,3.0,3,3,3.0,4,2.0,2.0,2.0,2.0,2.0,1.0,2,3.0,2.0,1,2.0,9.0
107,108,1,4.0,0,3.0,1,5,2.0,12,2.0,1.0,1.0,1,2,2.0,3,3,2.0,3,2.0,2.0,2.0,2.0,2.0,2.0,2,2.0,2.0,1,1.0,8.0
108,109,1,4.0,0,1.0,1,9,2.0,5,2.0,2.0,1.0,4,2,2.0,2,2,3.0,3,2.0,2.0,3.0,2.0,3.0,1.0,2,2.0,2.0,2,1.0,8.0
109,110,1,2.0,0,2.0,1,8,1.0,12,1.0,1.0,1.0,1,2,2.0,2,2,3.0,3,2.0,2.0,3.0,3.0,3.0,2.0,3,2.0,2.0,2,2.0,8.0
110,111,1,3.0,0,3.0,2,5,2.0,14,2.0,4.0,2.0,1,0,5.0,5,5,3.0,5,3.0,3.0,5.0,2.0,3.0,3.0,3,3.0,3.0,2,1.0,3.0
111,112,2,3.0,0,3.0,1,3,10.0,7,2.0,4.0,1.0,2,0,3.0,3,2,3.0,2,2.0,3.0,2.0,2.0,5.0,2.0,3,3.0,4.0,2,3.0,8.0
112,113,2,3.0,0,3.0,1,3,2.0,8,2.0,1.0,2.0,3,2,2.0,3,3,3.0,3,4.0,3.0,3.0,3.0,3.0,3.0,3,4.0,3.0,2,2.0,8.0
113,114,1,2.0,0,3.0,1,6,2.0,12,2.0,1.0,2.0,1,1,3.0,3,3,3.0,3,3.0,4.0,4.0,3.0,3.0,3.0,3,3.0,3.0,3,2.0,6.0
114,115,1,2.0,0,2.0,1,4,2.0,10,2.0,4.0,2.0,1,2,4.0,5,4,3.0,4,3.0,4.0,3.0,3.0,2.0,4.0,3,4.0,3.0,3,3.0,6.0
115,116,1,5.0,0,3.0,1,1,2.0,13,2.0,4.0,2.0,1,3,3.0,4,4,4.0,5,3.0,4.0,2.0,2.0,4.0,2.0,4,5.0,4.0,3,3.0,3.0
116,117,1,2.0,0,3.0,1,6,5.0,12,1.0,4.0,1.0,2,0,2.0,2,2,3.0,3,3.0,2.0,3.0,2.0,2.0,1.0,2,3.0,2.0,2,3.0,8.0
117,118,1,2.0,0,3.0,2,5,2.0,8,1.0,4.0,2.0,3,0,2.0,4,4,4.0,3,3.0,3.0,3.0,3.0,3.0,2.0,4,4.0,3.0,2,2.0,8.0
118,119,2,2.0,0,3.0,1,9,3.0,3,3.0,1.0,2.0,3,0,4.0,4,3,4.0,3,3.0,3.0,2.0,2.0,3.0,3.0,3,3.0,3.0,2,3.0,6.0
119,120,2,5.0,0,3.0,1,8,7.0,14,4.0,1.0,2.0,2,3,2.0,3,3,3.0,4,3.0,3.0,3.0,3.0,3.0,3.0,4,5.0,5.0,3,3.0,7.0
120,121,1,3.0,0,1.0,1,9,2.0,2,2.0,1.0,2.0,3,2,2.0,2,3,2.0,4,3.0,2.0,2.0,1.0,3.0,2.0,3,3.0,2.0,2,2.0,8.0
121,122,2,6.0,0,3.0,1,3,2.0,14,2.0,4.0,2.0,1,5,3.0,3,3,2.0,4,1.0,1.0,2.0,1.0,1.0,1.0,1,3.0,1.0,2,1.0,8.0
122,123,2,2.0,0,2.0,1,5,2.0,8,1.0,1.0,1.0,2,2,3.0,3,3,4.0,5,2.0,3.0,2.0,4.0,5.0,2.0,3,5.0,4.0,2,2.0,6.0
123,124,2,3.0,0,3.0,1,5,2.0,9,2.0,1.0,1.0,3,1,2.0,2,1,2.0,5,2.0,2.0,1.0,2.0,2.0,1.0,5,2.0,2.0,1,1.0,9.0
124,125,1,6.0,0,3.0,1,2,2.0,14,2.0,1.0,2.0,1,3,2.0,1,2,2.0,4,1.0,2.0,1.0,2.0,2.0,1.0,4,2.0,2.0,1,1.0,9.0
125,126,2,4.0,0,3.0,1,2,2.0,13,2.0,1.0,2.0,1,1,3.0,3,3,5.0,3,2.0,3.0,2.0,3.0,4.0,3.0,3,4.0,3.0,1,2.0,5.0
126,127,2,6.0,0,3.0,1,1,2.0,14,3.0,1.0,2.0,1,4,2.0,1,1,1.0,2,1.0,1.0,1.0,1.0,2.0,2.0,1,2.0,2.0,3,1.0,9.0
127,128,1,2.0,0,2.0,1,4,2.0,10,1.0,4.0,2.0,2,0,2.0,3,2,3.0,2,2.0,2.0,2.0,2.0,3.0,3.0,2,2.0,3.0,1,1.0,7.0
128,129,1,3.0,0,3.0,1,3,2.0,8,2.0,1.0,1.0,2,1,2.0,3,3,3.0,5,2.0,3.0,2.0,3.0,3.0,3.0,4,4.0,4.0,1,1.0,7.0
129,130,1,5.0,0,3.0,1,2,2.0,14,2.0,1.0,2.0,1,3,2.0,2,3,2.0,3,2.0,1.0,1.0,2.0,3.0,1.0,3,3.0,2.0,2,1.0,7.0
130,131,2,4.0,0,3.0,1,3,2.0,8,2.0,1.0,1.0,2,1,3.0,3,2,3.0,5,3.0,2.0,2.0,5.0,4.0,3.0,5,4.0,4.0,1,1.0,7.0
131,132,1,6.0,0,3.0,1,2,1.0,14,2.0,1.0,2.0,1,2,1.0,1,1,3.0,1,1.0,1.0,1.0,1.0,1.0,2.0,1,1.0,2.0,2,1.0,9.0
132,133,2,3.0,0,3.0,1,3,2.0,9,2.0,1.0,2.0,1,0,3.0,3,3,3.0,3,2.0,3.0,3.0,3.0,3.0,4.0,3,3.0,3.0,3,2.0,6.0
133,134,1,6.0,0,1.0,1,6,2.0,9,2.0,1.0,2.0,1,4,1.0,2,1,1.0,1,1.0,2.0,2.0,2.0,2.0,2.0,2,2.0,2.0,2,1.0,9.0
134,135,1,4.0,0,3.0,1,8,2.0,7,2.0,1.0,1.0,1,1,3.0,3,3,4.0,3,4.0,3.0,3.0,3.0,3.0,3.0,3,3.0,3.0,3,3.0,4.0
135,136,2,2.0,0,2.0,2,8,2.0,8,1.0,1.0,2.0,3,3,2.0,4,2,3.0,3,3.0,3.0,4.0,2.0,3.0,1.0,2,3.0,3.0,3,2.0,8.0
136,137,1,4.0,0,3.0,1,5,1.0,12,2.0,1.0,1.0,3,4,3.0,3,3,5.0,5,3.0,3.0,3.0,3.0,4.0,3.0,3,4.0,3.0,5,3.0,5.0
137,138,1,6.0,0,3.0,1,5,2.0,15,2.0,1.0,2.0,1,5,2.0,3,3,3.0,2,3.0,2.0,3.0,2.0,2.0,2.0,2,3.0,3.0,2,2.0,6.0
138,139,2,2.0,0,3.0,1,4,2.0,12,2.0,1.0,1.0,1,2,1.0,2,2,2.0,3,2.0,2.0,2.0,3.0,3.0,1.0,2,3.0,2.0,1,1.0,10.0
139,140,1,2.0,0,2.0,1,4,2.0,2,1.0,1.0,1.0,1,0,3.0,3,3,3.0,3,3.0,3.0,3.0,3.0,3.0,3.0,3,3.0,2.0,2,3.0,10.0
140,141,2,2.0,0,3.0,1,8,2.0,8,2.0,2.0,2.0,1,2,3.0,3,3,3.0,3,3.0,3.0,3.0,3.0,2.0,3.0,3,4.0,3.0,2,3.0,5.0
141,142,2,3.0,0,2.0,1,8,2.0,9,2.0,1.0,1.0,2,1,2.0,3,3,3.0,3,3.0,3.0,3.0,3.0,3.0,2.0,2,3.0,3.0,2,2.0,9.0
142,143,1,4.0,0,3.0,1,3,2.0,2,2.0,2.0,2.0,2,2,1.0,2,2,2.0,1,2.0,3.0,2.0,1.0,1.0,3.0,2,2.0,2.0,2,2.0,8.0
143,144,2,6.0,0,3.0,1,1,2.0,14,2.0,4.0,2.0,1,7,1.0,3,2,3.0,1,1.0,2.0,1.0,1.0,1.0,1.0,1,1.0,3.0,2,2.0,9.0
144,145,1,6.0,0,2.0,1,5,2.0,14,2.0,1.0,2.0,2,3,1.0,5,2,4.0,4,3.0,3.0,3.0,2.0,1.0,3.0,3,4.0,4.0,3,1.0,5.0
145,146,1,1.0,0,2.0,1,8,2.0,8,1.0,4.0,2.0,3,1,4.0,4,4,4.0,3,3.0,4.0,3.0,2.0,2.0,4.0,3,4.0,3.0,2,3.0,4.0
146,147,2,2.0,0,1.0,2,9,8.0,8,1.0,1.0,2.0,3,2,4.0,4,4,4.0,5,3.0,4.0,2.0,2.0,5.0,3.0,4,3.0,4.0,3,2.0,5.0
147,148,1,2.0,0,2.0,1,8,2.0,8,1.0,4.0,2.0,3,1,1.0,3,2,2.0,2,2.0,2.0,2.0,2.0,2.0,2.0,2,2.0,2.0,2,3.0,7.0
148,149,2,2.0,0,2.0,1,8,2.0,12,2.0,1.0,2.0,1,2,1.0,1,1,1.0,3,1.0,1.0,2.0,3.0,3.0,3.0,3,3.0,3.0,2,2.0,8.0
149,150,2,6.0,0,3.0,1,2,2.0,8,2.0,1.0,2.0,1,9,4.0,2,2,2.0,4,1.0,2.0,2.0,1.0,1.0,2.0,2,2.0,2.0,2,2.0,6.0
150,151,1,3.0,0,3.0,1,3,7.0,8,2.0,3.0,2.0,2,1,3.0,3,3,3.0,3,3.0,3.0,3.0,2.0,5.0,3.0,5,2.0,2.0,1,5.0,6.0
151,152,2,6.0,0,3.0,1,2,2.0,14,2.0,1.0,2.0,1,6,1.0,3,2,2.0,3,2.0,2.0,1.0,1.0,1.0,1.0,2,3.0,3.0,2,1.0,6.0
152,153,2,4.0,0,3.0,1,3,2.0,9,2.0,1.0,1.0,1,2,1.0,2,2,2.0,2,2.0,2.0,3.0,2.0,2.0,1.0,2,3.0,2.0,2,1.0,8.0
153,154,1,6.0,0,1.0,1,2,7.0,14,3.0,1.0,2.0,2,4,1.0,1,1,1.0,1,1.0,1.0,1.0,2.0,1.0,2.0,1,3.0,2.0,2,1.0,9.0
154,155,2,5.0,0,3.0,1,3,8.0,4,4.0,1.0,2.0,2,3,2.0,3,2,3.0,2,2.0,2.0,3.0,3.0,1.0,1.0,2,4.0,2.0,1,2.0,7.0
155,156,1,2.0,0,3.0,1,5,3.0,8,1.0,4.0,2.0,2,0,3.0,4,3,3.0,5,3.0,3.0,4.0,2.0,2.0,2.0,3,3.0,3.0,2,1.0,6.0
156,157,2,5.0,0,3.0,1,2,10.0,14,2.0,2.0,2.0,1,8,3.0,5,5,4.0,3,2.0,3.0,2.0,2.0,2.0,3.0,2,4.0,3.0,1,4.0,4.0
157,158,2,2.0,0,3.0,1,5,10.0,3,1.0,1.0,2.0,2,1,2.0,3,2,2.0,1,1.0,2.0,1.0,3.0,2.0,1.0,1,2.0,2.0,2,2.0,7.0
158,159,2,3.0,0,3.0,1,8,3.0,9,2.0,2.0,1.0,4,0,1.0,1,1,1.0,3,3.0,1.0,3.0,3.0,3.0,4.0,1,3.0,3.0,1,3.0,10.0
159,160,1,6.0,0,3.0,1,2,3.0,15,2.0,4.0,2.0,1,4,1.0,2,2,4.0,4,1.0,1.0,2.0,2.0,1.0,3.0,2,4.0,3.0,2,2.0,8.0
160,161,2,2.0,0,3.0,1,8,3.0,15,1.0,4.0,2.0,2,1,2.0,2,2,2.0,2,2.0,2.0,2.0,2.0,2.0,2.0,2,2.0,2.0,2,2.0,9.0
161,162,2,2.0,0,2.0,1,8,3.0,7,1.0,4.0,2.0,1,2,1.0,4,2,2.0,3,2.0,3.0,2.0,2.0,2.0,2.0,2,2.0,2.0,2,1.0,7.0
163,164,1,2.0,0,2.0,1,8,3.0,8,1.0,4.0,2.0,3,3,3.0,3,3,3.0,3,3.0,3.0,3.0,4.0,4.0,3.0,4,4.0,3.0,2,3.0,5.0
164,165,2,2.0,0,2.0,1,8,1.0,8,1.0,4.0,2.0,3,0,2.0,3,2,4.0,3,2.0,3.0,3.0,3.0,4.0,3.0,3,3.0,3.0,2,2.0,8.0
166,167,2,6.0,0,3.0,1,2,7.0,13,3.0,4.0,2.0,1,1,4.0,3,3,1.0,4,2.0,4.0,3.0,2.0,2.0,4.0,4,2.0,4.0,4,3.0,3.0
167,168,1,4.0,0,3.0,1,4,3.0,8,2.0,2.0,1.0,2,1,2.0,3,2,3.0,3,2.0,2.0,3.0,2.0,3.0,2.0,3,3.0,3.0,2,2.0,7.0
168,169,1,3.0,0,3.0,2,4,3.0,6,2.0,1.0,1.0,3,0,3.0,3,3,3.0,4,2.0,2.0,2.0,2.0,3.0,3.0,4,3.0,3.0,2,2.0,7.0
169,170,2,5.0,1,3.0,1,2,3.0,11,2.0,1.0,2.0,2,3,2.0,2,2,3.0,2,2.0,2.0,3.0,1.0,1.0,2.0,2,1.0,2.0,2,2.0,5.0
170,171,1,5.0,0,3.0,1,6,3.0,12,4.0,4.0,2.0,1,4,3.0,5,3,4.0,3,5.0,5.0,5.0,3.0,4.0,3.0,5,5.0,5.0,5,5.0,0.0
172,173,1,2.0,0,3.0,2,3,5.0,9,2.0,1.0,2.0,2,2,3.0,3,3,3.0,3,3.0,2.0,3.0,3.0,2.0,3.0,3,4.0,3.0,4,2.0,7.0
173,174,2,4.0,0,3.0,1,2,8.0,11,2.0,4.0,2.0,1,4,5.0,5,3,3.0,3,3.0,3.0,3.0,3.0,2.0,1.0,3,4.0,2.0,2,5.0,5.0
174,175,1,6.0,0,1.0,1,3,3.0,14,3.0,1.0,2.0,1,2,1.0,3,2,4.0,4,2.0,2.0,2.0,1.0,3.0,3.0,2,3.0,2.0,3,1.0,8.0
175,176,2,1.0,0,2.0,1,4,3.0,15,1.0,1.0,1.0,2,1,1.0,2,1,1.0,1,2.0,2.0,1.0,2.0,2.0,1.0,1,2.0,3.0,2,1.0,9.0
176,177,2,2.0,0,2.0,1,9,3.0,3,1.0,4.0,2.0,1,2,2.0,2,2,2.0,3,3.0,2.0,3.0,2.0,4.0,2.0,2,3.0,2.0,2,2.0,7.0
177,178,1,2.0,0,1.0,1,9,3.0,3,1.0,4.0,2.0,2,1,4.0,4,3,4.0,3,3.0,3.0,3.0,5.0,3.0,3.0,4,3.0,3.0,3,3.0,6.0
178,179,1,6.0,0,3.0,1,3,3.0,11,2.0,1.0,2.0,1,2,2.0,2,2,2.0,4,2.0,2.0,2.0,2.0,2.0,3.0,2,3.0,3.0,3,2.0,6.0
179,180,2,5.0,0,3.0,1,3,3.0,11,2.0,1.0,2.0,1,8,3.0,5,3,3.0,2,3.0,3.0,3.0,2.0,2.0,2.0,2,3.0,2.0,2,2.0,8.0
182,183,2,1.0,0,3.0,1,4,3.0,15,1.0,4.0,2.0,2,0,1.0,2,2,1.0,2,2.0,2.0,2.0,2.0,2.0,1.0,2,2.0,3.0,2,2.0,8.0
183,184,2,4.0,0,3.0,1,1,3.0,12,2.0,1.0,1.0,1,5,2.0,2,2,3.0,3,2.0,3.0,3.0,2.0,2.0,2.0,3,4.0,3.0,2,2.0,8.0
184,185,2,4.0,0,3.0,1,2,3.0,12,2.0,1.0,1.0,2,4,4.0,3,3,3.0,3,3.0,2.0,5.0,1.0,3.0,3.0,2,3.0,3.0,4,4.0,6.0
185,186,2,5.0,0,3.0,1,2,7.0,11,2.0,4.0,2.0,1,4,3.0,3,3,3.0,2,2.0,2.0,2.0,2.0,2.0,2.0,4,3.0,3.0,3,2.0,7.0
186,187,2,2.0,0,3.0,1,5,3.0,12,2.0,4.0,1.0,1,1,5.0,5,5,5.0,3,3.0,4.0,4.0,3.0,4.0,3.0,3,5.0,3.0,2,2.0,10.0
187,188,1,2.0,0,3.0,1,5,8.0,9,2.0,1.0,1.0,2,1,3.0,3,3,2.0,3,3.0,3.0,3.0,2.0,2.0,2.0,2,2.0,2.0,3,1.0,8.0
189,190,1,5.0,0,3.0,1,5,3.0,11,2.0,4.0,2.0,1,1,3.0,4,2,3.0,3,3.0,4.0,4.0,2.0,4.0,3.0,5,5.0,5.0,5,2.0,6.0
190,191,1,2.0,0,1.0,1,10,3.0,3,2.0,1.0,1.0,4,0,2.0,3,2,2.0,3,3.0,2.0,2.0,2.0,3.0,3.0,3,3.0,2.0,2,2.0,7.0
191,192,2,2.0,0,3.0,1,4,8.0,8,1.0,2.0,2.0,3,1,3.0,3,3,2.0,3,3.0,4.0,3.0,3.0,2.0,3.0,2,4.0,3.0,2,2.0,6.0
192,193,2,3.0,0,3.0,1,3,10.0,12,2.0,4.0,2.0,1,0,5.0,5,3,3.0,5,3.0,5.0,3.0,3.0,5.0,3.0,5,5.0,4.0,4,5.0,5.0
193,194,1,2.0,0,2.0,1,10,8.0,14,1.0,4.0,2.0,1,0,3.0,3,3,2.0,2,3.0,2.0,2.0,2.0,2.0,2.0,3,3.0,3.0,2,2.0,7.0
194,195,1,3.0,0,1.0,1,4,3.0,10,2.0,1.0,2.0,1,2,2.0,5,3,3.0,3,3.0,2.0,3.0,5.0,3.0,3.0,3,5.0,3.0,2,1.0,5.0
195,196,1,2.0,0,3.0,1,9,8.0,8,1.0,1.0,2.0,3,0,2.0,2,2,3.0,3,3.0,3.0,2.0,2.0,2.0,2.0,3,3.0,3.0,2,2.0,7.0
196,197,2,4.0,0,3.0,1,2,10.0,14,2.0,4.0,2.0,1,1,3.0,3,3,2.0,4,4.0,3.0,3.0,2.0,2.0,3.0,3,4.0,2.0,3,3.0,6.0
197,198,1,5.0,0,3.0,1,5,3.0,14,2.0,1.0,1.0,1,0,2.0,3,3,2.0,3,3.0,2.0,2.0,2.0,2.0,1.0,2,3.0,2.0,3,2.0,7.0
198,199,1,2.0,0,3.0,1,3,3.0,11,1.0,4.0,2.0,1,2,2.0,4,2,2.0,2,2.0,3.0,2.0,2.0,3.0,2.0,2,3.0,2.0,3,2.0,8.0
199,200,2,3.0,0,3.0,1,2,3.0,12,2.0,4.0,2.0,1,2,3.0,3,3,3.0,3,3.0,3.0,4.0,3.0,4.0,3.0,3,3.0,3.0,3,2.0,6.0
200,201,2,2.0,0,2.0,1,8,3.0,4,1.0,4.0,2.0,1,1,2.0,3,3,3.0,2,2.0,3.0,2.0,3.0,2.0,1.0,3,3.0,3.0,2,2.0,8.0
201,202,1,2.0,0,1.0,1,5,3.0,14,1.0,4.0,2.0,1,0,3.0,3,3,3.0,3,3.0,3.0,3.0,3.0,3.0,3.0,3,3.0,3.0,3,3.0,9.0
202,203,1,4.0,0,3.0,1,1,3.0,6,2.0,4.0,2.0,1,5,3.0,4,5,4.0,3,3.0,4.0,3.0,2.0,2.0,3.0,3,5.0,4.0,4,2.0,6.0
203,204,2,6.0,0,3.0,1,1,3.0,14,2.0,1.0,2.0,1,8,2.0,4,3,2.0,2,4.0,2.0,3.0,2.0,2.0,1.0,3,1.0,2.0,3,2.0,6.0
204,205,2,5.0,0,3.0,1,5,3.0,14,2.0,4.0,2.0,1,6,3.0,5,2,3.0,4,2.0,3.0,3.0,2.0,1.0,1.0,2,4.0,4.0,2,2.0,7.0
205,206,2,2.0,0,3.0,1,4,3.0,14,2.0,1.0,2.0,1,2,3.0,3,3,4.0,3,4.0,3.0,3.0,3.0,3.0,5.0,3,4.0,3.0,3,2.0,5.0
206,207,2,3.0,0,3.0,1,3,3.0,14,2.0,4.0,2.0,1,3,2.0,2,2,2.0,3,3.0,2.0,2.0,2.0,2.0,4.0,2,2.0,2.0,2,2.0,9.0
207,208,2,4.0,0,3.0,7,3,3.0,14,2.0,4.0,2.0,1,1,3.0,3,3,1.0,1,2.0,2.0,1.0,1.0,2.0,2.0,2,2.0,3.0,2,2.0,8.0
208,209,2,4.0,0,3.0,1,3,3.0,9,2.0,4.0,2.0,1,0,2.0,2,2,3.0,3,2.0,2.0,2.0,1.0,2.0,2.0,3,2.0,3.0,2,2.0,8.0
209,210,1,2.0,0,2.0,1,8,10.0,10,1.0,4.0,2.0,4,1,3.0,4,3,3.0,3,4.0,3.0,4.0,4.0,4.0,3.0,3,3.0,4.0,2,1.0,5.0
210,211,2,2.0,0,2.0,1,4,3.0,3,1.0,4.0,2.0,1,1,2.0,2,2,3.0,3,2.0,3.0,2.0,3.0,3.0,3.0,2,2.0,3.0,3,3.0,5.0
211,212,2,3.0,0,3.0,1,3,3.0,9,2.0,1.0,1.0,2,2,2.0,2,3,3.0,1,2.0,3.0,2.0,1.0,3.0,1.0,1,3.0,2.0,1,3.0,9.0
212,213,1,6.0,0,3.0,1,3,3.0,9,2.0,1.0,1.0,1,0,1.0,3,2,3.0,1,3.0,3.0,3.0,2.0,2.0,1.0,1,2.0,3.0,2,2.0,9.0
213,214,1,4.0,0,3.0,1,5,3.0,14,2.0,2.0,2.0,2,2,2.0,2,2,1.0,1,2.0,2.0,2.0,2.0,2.0,2.0,2,2.0,2.0,2,2.0,10.0
215,216,2,5.0,0,3.0,1,2,3.0,14,2.0,1.0,2.0,1,4,1.0,1,3,2.0,1,2.0,2.0,1.0,1.0,2.0,1.0,2,2.0,2.0,3,2.0,9.0
216,217,1,2.0,1,2.0,1,9,1.0,10,1.0,4.0,2.0,1,1,3.0,4,4,1.0,1,1.0,3.0,2.0,1.0,4.0,2.0,2,2.0,3.0,1,1.0,7.0
217,218,2,2.0,0,2.0,1,9,10.0,14,1.0,4.0,2.0,1,1,2.0,4,4,3.0,3,2.0,3.0,2.0,2.0,2.0,3.0,2,3.0,2.0,3,2.0,8.0
218,219,1,2.0,0,3.0,1,9,3.0,3,1.0,1.0,1.0,2,0,3.0,3,3,2.0,1,1.0,2.0,2.0,2.0,4.0,1.0,2,3.0,3.0,2,3.0,6.0
219,220,1,5.0,0,1.0,1,8,3.0,2,2.0,3.0,1.0,2,3,2.0,2,2,2.0,3,3.0,2.0,2.0,2.0,2.0,2.0,3,3.0,2.0,2,2.0,8.0
220,221,1,3.0,0,3.0,1,8,3.0,5,2.0,1.0,1.0,1,3,1.0,1,1,3.0,1,2.0,2.0,2.0,1.0,3.0,1.0,2,3.0,2.0,2,1.0,8.0
221,222,1,2.0,0,2.0,1,5,3.0,3,1.0,4.0,2.0,2,1,3.0,4,3,4.0,3,2.0,3.0,4.0,1.0,3.0,2.0,2,2.0,3.0,2,2.0,7.0
222,223,2,1.0,0,2.0,1,9,3.0,12,1.0,4.0,2.0,4,0,2.0,2,3,2.0,1,3.0,2.0,2.0,1.0,2.0,1.0,2,3.0,3.0,1,2.0,8.0
223,224,2,2.0,0,2.0,1,9,6.0,12,1.0,1.0,1.0,3,0,2.0,2,3,1.0,2,3.0,2.0,3.0,2.0,2.0,1.0,3,3.0,3.0,1,2.0,7.0
224,225,1,4.0,0,3.0,1,4,3.0,3,2.0,1.0,2.0,3,3,1.0,3,4,2.0,3,2.0,3.0,2.0,2.0,3.0,3.0,2,4.0,2.0,2,2.0,6.0
225,226,2,3.0,0,3.0,1,5,3.0,9,2.0,1.0,1.0,3,1,4.0,4,4,4.0,4,3.0,4.0,4.0,3.0,3.0,3.0,4,5.0,3.0,3,3.0,5.0
226,227,2,3.0,0,3.0,1,6,3.0,12,2.0,1.0,1.0,1,2,2.0,2,2,3.0,4,3.0,3.0,3.0,2.0,3.0,3.0,4,4.0,4.0,3,3.0,8.0
227,228,1,3.0,0,1.0,1,8,3.0,3,2.0,1.0,1.0,2,0,2.0,3,2,2.0,3,3.0,2.0,2.0,2.0,3.0,2.0,2,3.0,2.0,3,2.0,8.0
228,229,1,6.0,0,1.0,1,2,3.0,14,2.0,1.0,2.0,3,5,1.0,1,1,3.0,1,2.0,2.0,1.0,1.0,3.0,1.0,1,2.0,2.0,2,1.0,10.0
229,230,1,3.0,0,2.0,1,8,7.0,9,2.0,3.0,1.0,3,3,3.0,4,2,5.0,1,2.0,4.0,3.0,3.0,3.0,3.0,4,4.0,4.0,4,3.0,5.0
230,231,2,3.0,0,1.0,2,8,3.0,13,2.0,1.0,2.0,2,0,2.0,2,2,3.0,3,2.0,2.0,2.0,2.0,4.0,2.0,3,2.0,2.0,2,2.0,8.0
231,232,1,2.0,0,1.0,1,6,3.0,12,1.0,1.0,2.0,1,0,2.0,3,2,2.0,2,3.0,3.0,3.0,2.0,3.0,2.0,2,3.0,2.0,2,2.0,5.0
232,233,2,1.0,0,2.0,1,9,4.0,14,1.0,4.0,2.0,3,0,3.0,3,4,4.0,3,3.0,2.0,2.0,1.0,5.0,3.0,3,4.0,2.0,2,2.0,7.0
233,234,2,1.0,0,2.0,1,9,2.0,14,1.0,1.0,2.0,2,0,4.0,4,4,3.0,5,5.0,5.0,3.0,3.0,5.0,5.0,5,5.0,2.0,2,3.0,2.0
234,235,1,2.0,0,2.0,1,8,3.0,2,1.0,1.0,2.0,1,0,1.0,1,1,2.0,1,1.0,2.0,2.0,1.0,2.0,1.0,3,3.0,3.0,1,1.0,7.0
235,236,1,5.0,0,3.0,1,3,3.0,4,2.0,1.0,2.0,1,2,2.0,2,3,3.0,2,4.0,2.0,2.0,2.0,4.0,2.0,2,2.0,4.0,2,2.0,6.0
236,237,1,2.0,0,2.0,1,8,2.0,14,1.0,2.0,2.0,2,0,2.0,3,1,2.0,3,2.0,3.0,2.0,2.0,4.0,2.0,2,3.0,3.0,1,1.0,8.0
237,238,2,1.0,0,2.0,1,5,3.0,15,1.0,1.0,2.0,2,1,2.0,3,2,2.0,2,2.0,3.0,1.0,2.0,1.0,2.0,2,3.0,4.0,1,1.0,8.0
238,239,2,2.0,0,3.0,1,3,3.0,6,1.0,4.0,2.0,3,0,3.0,3,4,3.0,4,3.0,4.0,4.0,4.0,3.0,3.0,4,4.0,3.0,2,2.0,8.0
239,240,2,2.0,0,2.0,1,8,3.0,8,1.0,4.0,2.0,2,2,3.0,3,3,3.0,3,2.0,3.0,3.0,2.0,2.0,2.0,2,4.0,3.0,2,2.0,8.0
240,241,2,6.0,0,3.0,1,2,3.0,14,2.0,1.0,2.0,1,2,2.0,2,2,2.0,1,2.0,2.0,2.0,2.0,2.0,2.0,1,1.0,1.0,3,2.0,10.0
241,242,1,4.0,0,1.0,1,5,3.0,1,4.0,2.0,1.0,3,6,3.0,3,3,3.0,3,3.0,3.0,3.0,3.0,3.0,3.0,3,3.0,3.0,3,3.0,7.0
242,243,1,3.0,0,3.0,2,2,3.0,9,2.0,1.0,1.0,2,3,4.0,4,4,4.0,5,3.0,3.0,2.0,4.0,3.0,4.0,5,4.0,2.0,3,3.0,4.0
244,245,1,2.0,0,2.0,1,9,3.0,7,1.0,1.0,2.0,2,0,1.0,2,2,2.0,2,2.0,2.0,2.0,2.0,3.0,2.0,2,2.0,2.0,2,1.0,8.0
245,246,1,5.0,0,3.0,2,2,3.0,13,2.0,1.0,2.0,4,7,1.0,3,2,2.0,2,4.0,3.0,2.0,2.0,4.0,2.0,3,2.0,4.0,4,4.0,6.0
246,247,2,6.0,1,1.0,1,2,3.0,14,2.0,1.0,2.0,2,6,2.0,3,3,3.0,2,4.0,3.0,2.0,2.0,2.0,3.0,4,3.0,4.0,2,1.0,9.0
247,248,2,5.0,0,3.0,1,2,3.0,9,3.0,1.0,2.0,2,2,2.0,2,3,2.0,2,2.0,2.0,3.0,2.0,2.0,2.0,2,2.0,2.0,3,1.0,8.0
248,249,2,1.0,0,2.0,4,8,10.0,14,1.0,3.0,1.0,4,2,1.0,4,2,4.0,1,3.0,4.0,3.0,2.0,5.0,4.0,3,2.0,2.0,2,3.0,4.0
250,251,1,2.0,0,3.0,1,5,4.0,12,1.0,1.0,2.0,4,0,2.0,3,2,4.0,3,3.0,2.0,2.0,2.0,5.0,2.0,2,3.0,3.0,2,2.0,7.0
251,252,1,5.0,0,3.0,1,5,4.0,14,2.0,1.0,1.0,1,2,4.0,5,3,5.0,3,4.0,4.0,5.0,4.0,3.0,4.0,3,5.0,5.0,2,5.0,5.0
252,253,1,2.0,0,3.0,1,5,4.0,8,1.0,4.0,2.0,1,1,2.0,3,1,3.0,3,2.0,2.0,2.0,2.0,3.0,1.0,2,2.0,2.0,2,1.0,8.0
253,254,1,2.0,0,1.0,1,8,4.0,9,1.0,4.0,2.0,3,2,3.0,4,3,4.0,4,3.0,3.0,3.0,2.0,4.0,3.0,3,3.0,2.0,2,2.0,7.0
254,255,2,5.0,0,3.0,1,1,4.0,12,2.0,4.0,2.0,2,5,3.0,3,3,4.0,3,2.0,3.0,3.0,2.0,2.0,3.0,3,4.0,3.0,3,3.0,6.0
255,256,2,5.0,0,3.0,1,3,4.0,14,2.0,1.0,2.0,3,2,3.0,3,4,4.0,4,1.0,3.0,4.0,2.0,1.0,2.0,4,5.0,4.0,4,3.0,4.0
256,257,1,2.0,1,3.0,1,8,4.0,7,2.0,1.0,1.0,3,3,3.0,4,3,4.0,3,2.0,3.0,2.0,3.0,3.0,3.0,3,4.0,3.0,2,2.0,8.0
257,258,1,4.0,0,1.0,1,5,4.0,14,2.0,1.0,1.0,3,3,1.0,3,1,3.0,3,2.0,1.0,1.0,1.0,1.0,1.0,1,3.0,1.0,1,1.0,9.0
258,259,2,1.0,0,2.0,1,8,1.0,12,1.0,4.0,2.0,1,3,2.0,3,3,3.0,3,3.0,2.0,2.0,3.0,4.0,3.0,3,3.0,4.0,2,3.0,6.0
259,260,1,3.0,0,3.0,1,8,4.0,8,2.0,1.0,1.0,2,0,3.0,3,3,5.0,3,3.0,3.0,3.0,2.0,5.0,3.0,2,4.0,3.0,5,3.0,5.0
260,261,1,2.0,0,3.0,2,8,4.0,7,1.0,4.0,1.0,2,0,4.0,4,3,3.0,3,3.0,4.0,3.0,2.0,5.0,2.0,3,3.0,3.0,2,3.0,5.0
261,262,1,3.0,0,2.0,1,9,3.0,9,2.0,4.0,2.0,1,0,3.0,3,3,4.0,5,3.0,2.0,2.0,4.0,5.0,4.0,5,3.0,4.0,2,2.0,6.0
262,263,1,3.0,0,3.0,1,8,4.0,8,2.0,1.0,2.0,2,2,1.0,3,3,2.0,2,2.0,3.0,2.0,2.0,3.0,2.0,3,3.0,3.0,2,2.0,7.0
263,264,1,2.0,1,3.0,1,8,1.0,7,1.0,4.0,1.0,2,1,4.0,3,3,3.0,2,2.0,3.0,2.0,2.0,4.0,2.0,3,2.0,2.0,2,2.0,10.0
264,265,1,6.0,0,3.0,1,5,9.0,14,2.0,1.0,2.0,2,2,3.0,4,3,4.0,2,2.0,2.0,5.0,2.0,2.0,3.0,4,4.0,3.0,4,2.0,7.0
265,266,1,2.0,0,1.0,1,9,4.0,3,1.0,1.0,1.0,2,1,2.0,2,3,2.0,2,2.0,2.0,2.0,1.0,4.0,3.0,3,4.0,2.0,4,1.0,8.0
266,267,2,2.0,0,2.0,2,8,10.0,14,2.0,4.0,2.0,2,2,3.0,3,3,3.0,3,3.0,3.0,3.0,2.0,2.0,3.0,3,3.0,2.0,2,3.0,6.0
267,268,1,6.0,0,3.0,1,3,4.0,14,2.0,1.0,2.0,1,3,3.0,3,3,3.0,2,2.0,2.0,2.0,1.0,2.0,3.0,2,4.0,4.0,4,3.0,5.0
268,269,1,6.0,0,3.0,1,2,4.0,14,2.0,1.0,2.0,1,2,2.0,2,3,4.0,2,2.0,2.0,2.0,2.0,2.0,3.0,3,3.0,4.0,4,3.0,10.0
269,270,2,6.0,0,3.0,1,1,4.0,14,2.0,4.0,2.0,1,0,4.0,4,4,4.0,3,2.0,3.0,4.0,3.0,2.0,3.0,4,5.0,4.0,4,4.0,3.0
270,271,2,6.0,0,3.0,7,2,3.0,14,4.0,4.0,2.0,1,0,4.0,5,4,3.0,4,4.0,4.0,5.0,3.0,2.0,4.0,4,5.0,4.0,4,5.0,2.0
271,272,2,3.0,0,3.0,1,3,4.0,9,2.0,4.0,2.0,1,1,4.0,4,3,3.0,3,3.0,4.0,4.0,3.0,2.0,4.0,4,3.0,3.0,2,3.0,5.0
272,273,2,2.0,0,2.0,1,9,5.0,14,1.0,4.0,2.0,1,2,3.0,4,3,4.0,3,3.0,4.0,2.0,3.0,2.0,3.0,3,4.0,3.0,2,2.0,6.0
273,274,2,2.0,0,2.0,7,8,4.0,8,2.0,2.0,2.0,3,0,1.0,1,1,3.0,3,3.0,2.0,2.0,2.0,2.0,1.0,3,2.0,2.0,1,2.0,8.0
274,275,1,3.0,0,3.0,1,8,4.0,9,2.0,1.0,1.0,3,0,3.0,2,2,3.0,3,3.0,2.0,3.0,2.0,3.0,3.0,3,3.0,3.0,3,1.0,6.0
275,276,1,2.0,0,2.0,1,9,4.0,12,1.0,3.0,2.0,1,0,3.0,3,3,3.0,3,3.0,3.0,3.0,3.0,3.0,3.0,3,3.0,3.0,4,2.0,7.0
276,277,1,3.0,0,3.0,2,6,4.0,5,4.0,1.0,2.0,3,1,2.0,3,2,4.0,3,2.0,2.0,3.0,2.0,2.0,2.0,3,3.0,3.0,2,2.0,7.0
277,278,2,2.0,0,2.0,1,8,4.0,8,1.0,1.0,2.0,2,2,3.0,3,3,3.0,2,4.0,3.0,3.0,2.0,2.0,3.0,2,3.0,3.0,2,3.0,6.0
278,279,1,4.0,0,3.0,1,3,4.0,10,2.0,4.0,1.0,3,1,3.0,3,2,2.0,5,3.0,3.0,2.0,3.0,2.0,3.0,3,4.0,3.0,2,3.0,7.0
279,280,1,3.0,0,3.0,1,9,4.0,9,2.0,2.0,1.0,3,3,3.0,3,3,3.0,3,3.0,3.0,3.0,2.0,2.0,3.0,2,3.0,3.0,3,2.0,6.0
280,281,2,5.0,0,3.0,1,2,4.0,9,2.0,4.0,2.0,1,5,5.0,5,5,3.0,3,3.0,5.0,3.0,1.0,2.0,3.0,3,5.0,3.0,3,5.0,2.0
281,282,1,2.0,0,3.0,1,8,8.0,12,1.0,4.0,2.0,2,0,1.0,2,2,2.0,2,2.0,1.0,1.0,1.0,2.0,2.0,1,2.0,2.0,2,2.0,8.0
282,283,2,2.0,0,2.0,1,9,4.0,14,1.0,4.0,2.0,2,0,3.0,4,5,5.0,3,4.0,2.0,2.0,1.0,2.0,4.0,3,4.0,2.0,2,2.0,7.0
283,284,2,2.0,0,3.0,1,8,4.0,12,1.0,1.0,1.0,2,0,2.0,2,2,3.0,3,3.0,2.0,3.0,2.0,2.0,3.0,2,3.0,3.0,3,2.0,8.0
284,285,2,2.0,0,3.0,1,5,10.0,9,2.0,1.0,1.0,2,3,1.0,2,2,2.0,5,2.0,2.0,3.0,2.0,2.0,2.0,3,3.0,3.0,2,2.0,8.0
285,286,2,2.0,0,3.0,1,9,4.0,8,2.0,1.0,2.0,2,1,3.0,3,3,4.0,4,4.0,4.0,4.0,3.0,4.0,3.0,4,3.0,4.0,2,1.0,8.0
286,287,2,2.0,0,2.0,1,8,4.0,8,2.0,4.0,2.0,1,0,3.0,3,3,3.0,3,3.0,4.0,3.0,3.0,3.0,3.0,3,3.0,3.0,3,3.0,6.0
287,288,1,2.0,0,3.0,1,5,10.0,7,1.0,1.0,1.0,1,0,2.0,2,2,2.0,2,2.0,2.0,3.0,2.0,2.0,2.0,2,2.0,2.0,2,1.0,9.0
289,290,1,2.0,0,2.0,1,9,4.0,4,1.0,1.0,1.0,3,0,2.0,3,3,3.0,3,2.0,3.0,2.0,2.0,3.0,2.0,2,3.0,3.0,2,3.0,6.0
290,291,1,6.0,0,3.0,1,6,9.0,14,2.0,1.0,2.0,2,3,1.0,2,3,2.0,2,1.0,2.0,2.0,1.0,1.0,1.0,2,2.0,2.0,1,2.0,9.0
291,292,1,3.0,0,3.0,1,3,4.0,10,2.0,1.0,1.0,3,0,2.0,2,3,4.0,3,2.0,3.0,3.0,2.0,2.0,3.0,2,4.0,3.0,2,2.0,5.0
292,293,2,4.0,0,3.0,1,3,4.0,14,2.0,1.0,2.0,1,1,2.0,3,3,2.0,2,1.0,3.0,2.0,2.0,1.0,4.0,2,3.0,3.0,2,1.0,7.0
293,294,2,2.0,0,3.0,1,3,4.0,12,1.0,4.0,1.0,1,2,3.0,2,2,4.0,2,3.0,2.0,3.0,1.0,4.0,1.0,3,3.0,3.0,1,3.0,10.0
294,295,1,4.0,0,3.0,1,2,4.0,12,2.0,1.0,2.0,3,4,3.0,2,3,3.0,4,2.0,2.0,3.0,2.0,2.0,3.0,3,2.0,3.0,2,2.0,8.0
295,296,2,3.0,0,3.0,1,2,4.0,12,2.0,4.0,1.0,3,3,4.0,3,3,3.0,3,4.0,3.0,3.0,4.0,4.0,4.0,4,4.0,3.0,2,3.0,5.0
296,297,2,2.0,0,1.0,1,9,4.0,4,1.0,4.0,2.0,4,0,2.0,3,3,3.0,4,3.0,3.0,3.0,3.0,4.0,2.0,2,3.0,3.0,2,2.0,10.0
297,298,1,4.0,0,2.0,1,5,4.0,5,2.0,1.0,1.0,3,2,1.0,2,3,3.0,2,2.0,2.0,2.0,2.0,2.0,2.0,2,3.0,3.0,2,2.0,8.0
298,299,1,2.0,0,3.0,1,8,4.0,14,1.0,1.0,2.0,1,0,5.0,5,5,3.0,2,3.0,4.0,2.0,3.0,3.0,3.0,3,3.0,3.0,3,2.0,7.0
299,300,2,4.0,0,3.0,1,5,4.0,14,2.0,1.0,2.0,3,4,3.0,3,4,3.0,3,4.0,3.0,3.0,2.0,2.0,3.0,3,2.0,3.0,2,2.0,7.0
300,301,2,2.0,0,3.0,1,6,4.0,8,2.0,4.0,1.0,3,2,2.0,2,2,3.0,3,3.0,2.0,2.0,3.0,3.0,2.0,3,3.0,2.0,2,2.0,9.0
301,302,2,4.0,0,3.0,1,3,4.0,9,2.0,2.0,2.0,2,6,4.0,3,5,3.0,3,4.0,4.0,3.0,2.0,2.0,3.0,4,4.0,2.0,3,3.0,6.0
302,303,1,3.0,0,3.0,1,5,8.0,9,2.0,1.0,1.0,4,0,3.0,3,3,4.0,3,2.0,3.0,4.0,2.0,5.0,2.0,4,5.0,3.0,2,2.0,7.0
303,304,2,3.0,0,3.0,1,3,4.0,9,2.0,2.0,1.0,2,4,2.0,3,3,4.0,4,2.0,3.0,3.0,2.0,2.0,2.0,3,3.0,3.0,3,3.0,5.0
304,305,2,3.0,0,3.0,1,2,5.0,12,4.0,4.0,1.0,2,0,3.0,4,3,3.0,3,3.0,4.0,3.0,3.0,4.0,4.0,3,4.0,3.0,2,3.0,6.0
306,307,1,3.0,0,3.0,1,5,8.0,9,2.0,3.0,1.0,1,0,3.0,3,3,3.0,3,2.0,2.0,3.0,4.0,5.0,3.0,3,3.0,3.0,2,3.0,7.0
309,310,2,1.0,0,2.0,1,4,4.0,14,1.0,4.0,2.0,1,0,3.0,3,3,2.0,3,1.0,3.0,3.0,2.0,3.0,3.0,3,2.0,1.0,2,2.0,8.0
310,311,2,1.0,0,2.0,3,4,4.0,14,1.0,4.0,2.0,1,1,3.0,3,3,1.0,1,2.0,4.0,3.0,2.0,2.0,1.0,3,4.0,3.0,1,5.0,6.0
311,312,2,4.0,0,3.0,1,3,4.0,14,2.0,1.0,2.0,1,6,3.0,3,3,3.0,4,2.0,3.0,3.0,2.0,4.0,3.0,4,4.0,3.0,3,2.0,7.0
312,313,2,2.0,0,2.0,1,9,4.0,7,2.0,1.0,1.0,1,2,4.0,4,5,5.0,5,4.0,3.0,4.0,4.0,4.0,3.0,5,4.0,4.0,3,3.0,5.0
313,314,1,4.0,0,3.0,1,2,4.0,12,2.0,2.0,1.0,4,3,5.0,4,4,3.0,4,4.0,3.0,3.0,2.0,3.0,1.0,3,4.0,3.0,2,3.0,7.0
314,315,1,4.0,0,1.0,1,8,4.0,10,2.0,1.0,1.0,1,4,2.0,3,3,3.0,3,3.0,4.0,3.0,2.0,4.0,3.0,3,3.0,3.0,4,1.0,8.0
317,318,2,4.0,0,3.0,1,3,4.0,9,2.0,1.0,1.0,5,3,3.0,2,3,5.0,4,3.0,5.0,3.0,2.0,2.0,2.0,3,4.0,4.0,5,3.0,6.0
318,319,1,3.0,0,1.0,1,6,7.0,12,2.0,4.0,2.0,2,4,3.0,4,3,5.0,5,2.0,4.0,3.0,2.0,4.0,2.0,3,3.0,3.0,3,2.0,5.0
319,320,1,2.0,1,3.0,1,6,4.0,8,1.0,4.0,2.0,2,2,3.0,3,3,3.0,3,3.0,3.0,4.0,3.0,2.0,3.0,5,4.0,3.0,1,2.0,5.0
320,321,2,2.0,0,2.0,1,8,4.0,4,1.0,4.0,2.0,1,2,2.0,2,2,3.0,1,2.0,2.0,2.0,2.0,2.0,2.0,2,2.0,2.0,2,1.0,9.0
322,323,2,2.0,0,2.0,1,9,2.0,5,1.0,4.0,2.0,3,1,2.0,3,2,2.0,3,3.0,3.0,2.0,2.0,2.0,1.0,2,3.0,2.0,1,1.0,8.0
323,324,1,6.0,0,3.0,1,3,5.0,14,2.0,1.0,2.0,2,4,2.0,2,2,2.0,2,2.0,2.0,3.0,2.0,2.0,3.0,2,2.0,2.0,2,2.0,7.0
324,325,1,5.0,0,1.0,1,3,4.0,9,1.0,1.0,2.0,1,5,3.0,2,2,2.0,3,2.0,3.0,1.0,4.0,1.0,3.0,4,5.0,2.0,4,2.0,5.0
325,326,1,2.0,0,3.0,1,4,4.0,6,2.0,1.0,1.0,2,2,2.0,3,2,1.0,3,5.0,1.0,1.0,5.0,1.0,1.0,5,5.0,1.0,1,2.0,8.0
326,327,1,2.0,0,3.0,2,5,6.0,8,1.0,4.0,2.0,2,1,1.0,1,1,1.0,5,5.0,1.0,1.0,2.0,3.0,5.0,3,5.0,3.0,3,1.0,9.0
327,328,2,5.0,0,3.0,1,2,4.0,13,2.0,4.0,2.0,1,5,1.0,3,5,1.0,1,1.0,4.0,1.0,2.0,1.0,1.0,1,2.0,3.0,2,1.0,4.0
328,329,1,2.0,0,3.0,1,9,2.0,4,1.0,2.0,2.0,4,0,2.0,2,3,1.0,1,1.0,1.0,2.0,1.0,3.0,1.0,2,2.0,2.0,1,1.0,9.0
329,330,2,4.0,0,3.0,7,3,7.0,12,2.0,4.0,2.0,1,2,5.0,5,1,1.0,3,4.0,3.0,1.0,3.0,2.0,5.0,3,3.0,2.0,2,1.0,5.0
330,331,2,2.0,1,2.0,1,8,5.0,10,1.0,4.0,2.0,4,2,4.0,4,3,3.0,4,4.0,4.0,3.0,3.0,5.0,4.0,4,4.0,4.0,3,2.0,5.0
331,332,2,3.0,0,2.0,1,9,4.0,14,2.0,2.0,1.0,3,2,2.0,2,4,4.0,2,4.0,2.0,2.0,2.0,3.0,2.0,2,3.0,4.0,2,1.0,7.0
332,333,1,4.0,0,3.0,1,5,6.0,3,2.0,1.0,2.0,2,3,2.0,2,2,2.0,2,2.0,2.0,2.0,1.0,3.0,2.0,2,2.0,3.0,3,3.0,8.0
333,334,1,6.0,0,3.0,2,6,4.0,14,2.0,2.0,2.0,3,4,1.0,1,2,2.0,2,2.0,1.0,2.0,1.0,1.0,2.0,2,1.0,2.0,3,2.0,9.0
335,336,1,3.0,0,2.0,1,9,4.0,7,2.0,1.0,1.0,1,2,1.0,1,1,1.0,3,2.0,2.0,2.0,1.0,4.0,2.0,2,2.0,3.0,1,1.0,8.0
336,337,1,2.0,0,2.0,1,9,4.0,7,1.0,4.0,2.0,3,1,2.0,2,2,3.0,3,2.0,2.0,2.0,1.0,2.0,1.0,3,2.0,3.0,2,1.0,8.0
337,338,2,3.0,0,3.0,1,8,4.0,9,2.0,2.0,1.0,4,0,1.0,1,1,2.0,4,3.0,1.0,2.0,3.0,2.0,2.0,3,3.0,3.0,2,2.0,8.0
338,339,1,1.0,0,2.0,1,5,4.0,9,1.0,4.0,2.0,1,0,2.0,2,2,3.0,3,3.0,4.0,1.0,2.0,2.0,3.0,2,4.0,3.0,2,3.0,8.0
339,340,1,2.0,0,3.0,2,3,4.0,8,1.0,1.0,2.0,3,1,1.0,1,1,1.0,1,1.0,1.0,1.0,2.0,3.0,1.0,2,3.0,1.0,1,1.0,10.0
340,341,1,2.0,0,3.0,1,9,4.0,5,1.0,1.0,1.0,3,0,3.0,3,3,3.0,4,4.0,2.0,3.0,2.0,3.0,2.0,3,2.0,2.0,2,3.0,7.0
341,342,1,2.0,0,2.0,1,9,4.0,7,1.0,1.0,2.0,3,2,2.0,3,3,4.0,4,3.0,3.0,5.0,3.0,4.0,4.0,3,3.0,3.0,2,2.0,7.0
343,344,1,2.0,0,3.0,1,9,4.0,7,1.0,1.0,1.0,4,0,3.0,3,3,5.0,2,4.0,3.0,4.0,2.0,4.0,5.0,2,4.0,3.0,1,1.0,6.0
344,345,2,2.0,0,3.0,1,8,4.0,14,1.0,4.0,2.0,3,1,2.0,5,3,3.0,3,4.0,2.0,2.0,2.0,2.0,2.0,4,4.0,2.0,5,2.0,6.0
345,346,2,2.0,0,3.0,1,5,4.0,14,2.0,4.0,1.0,2,1,4.0,4,4,3.0,3,4.0,4.0,3.0,3.0,3.0,3.0,3,4.0,3.0,2,3.0,3.0
346,347,1,6.0,0,1.0,1,9,4.0,2,3.0,1.0,2.0,3,1,1.0,1,1,1.0,1,1.0,1.0,1.0,1.0,1.0,1.0,1,1.0,1.0,2,1.0,9.0
347,348,1,6.0,0,1.0,1,2,4.0,14,3.0,1.0,2.0,3,1,2.0,1,2,2.0,1,1.0,1.0,2.0,1.0,1.0,1.0,1,2.0,2.0,3,2.0,8.0
348,349,1,5.0,0,3.0,1,3,5.0,7,2.0,2.0,1.0,2,5,3.0,2,3,2.0,2,3.0,2.0,2.0,2.0,2.0,2.0,2,3.0,3.0,2,2.0,8.0
349,350,2,2.0,0,2.0,1,9,4.0,15,1.0,4.0,2.0,2,1,2.0,3,3,3.0,4,3.0,3.0,3.0,3.0,3.0,4.0,3,3.0,3.0,3,3.0,7.0
350,351,2,2.0,0,2.0,1,5,4.0,4,2.0,1.0,1.0,2,1,3.0,3,3,4.0,4,3.0,4.0,2.0,3.0,5.0,3.0,3,3.0,3.0,2,2.0,6.0
352,353,2,4.0,0,3.0,1,2,4.0,14,2.0,4.0,2.0,1,3,3.0,3,4,3.0,2,2.0,4.0,3.0,3.0,3.0,3.0,2,3.0,3.0,2,3.0,5.0
353,354,2,6.0,0,3.0,1,2,4.0,14,2.0,1.0,2.0,1,5,1.0,1,2,5.0,5,2.0,1.0,2.0,2.0,2.0,4.0,2,2.0,1.0,3,1.0,5.0
354,355,2,1.0,0,3.0,2,5,2.0,6,1.0,4.0,2.0,2,1,3.0,3,4,3.0,4,3.0,2.0,3.0,5.0,5.0,1.0,5,3.0,2.0,1,1.0,6.0
355,356,2,6.0,0,3.0,1,2,4.0,14,2.0,1.0,2.0,1,7,1.0,2,3,2.0,4,3.0,3.0,2.0,2.0,3.0,1.0,4,4.0,3.0,3,1.0,6.0
357,358,1,6.0,0,1.0,1,3,4.0,15,2.0,1.0,1.0,2,3,1.0,2,1,2.0,1,3.0,2.0,2.0,2.0,1.0,1.0,1,3.0,2.0,4,1.0,9.0
358,359,1,6.0,0,3.0,2,6,1.0,14,2.0,1.0,2.0,1,0,2.0,4,3,1.0,3,3.0,3.0,4.0,2.0,3.0,3.0,2,3.0,3.0,3,3.0,8.0
359,360,1,3.0,0,3.0,1,3,4.0,15,2.0,4.0,2.0,1,1,4.0,4,3,4.0,3,3.0,3.0,3.0,3.0,4.0,3.0,3,5.0,4.0,3,3.0,6.0
360,361,1,4.0,0,3.0,1,3,4.0,11,2.0,1.0,2.0,1,4,2.0,1,1,2.0,3,1.0,2.0,2.0,1.0,2.0,1.0,2,1.0,2.0,1,1.0,10.0
361,362,2,4.0,0,3.0,1,5,4.0,14,2.0,4.0,2.0,1,0,5.0,5,4,4.0,5,4.0,4.0,4.0,3.0,4.0,5.0,4,4.0,3.0,3,4.0,6.0
362,363,2,4.0,0,3.0,1,2,4.0,8,2.0,1.0,2.0,1,4,2.0,2,2,2.0,2,2.0,2.0,2.0,1.0,1.0,2.0,2,3.0,1.0,1,1.0,9.0
363,364,1,6.0,0,3.0,1,3,4.0,14,3.0,1.0,2.0,3,6,2.0,2,3,2.0,2,1.0,1.0,2.0,2.0,2.0,3.0,2,2.0,3.0,1,1.0,9.0
364,365,2,4.0,0,3.0,1,3,4.0,9,2.0,1.0,2.0,1,3,2.0,3,3,3.0,3,2.0,3.0,3.0,2.0,2.0,2.0,3,4.0,3.0,1,2.0,7.0
365,366,2,3.0,0,3.0,1,2,4.0,9,2.0,1.0,1.0,1,2,2.0,3,2,3.0,1,2.0,2.0,2.0,2.0,1.0,2.0,2,2.0,3.0,3,1.0,10.0
366,367,1,5.0,0,3.0,1,5,4.0,15,2.0,1.0,2.0,2,3,2.0,3,3,5.0,5,3.0,3.0,3.0,2.0,2.0,5.0,2,3.0,4.0,2,1.0,6.0
367,368,2,4.0,1,3.0,1,3,4.0,8,2.0,1.0,2.0,3,4,4.0,4,4,4.0,4,2.0,4.0,2.0,3.0,4.0,2.0,3,4.0,2.0,2,2.0,8.0
368,369,1,2.0,0,2.0,1,4,4.0,4,1.0,2.0,2.0,1,3,3.0,3,2,2.0,2,2.0,2.0,3.0,2.0,3.0,3.0,3,3.0,3.0,2,2.0,8.0
369,370,2,2.0,1,2.0,4,9,4.0,12,1.0,4.0,2.0,1,1,2.0,1,2,3.0,5,3.0,3.0,3.0,2.0,2.0,1.0,2,3.0,2.0,1,2.0,7.0
370,371,2,4.0,0,2.0,1,4,6.0,2,1.0,1.0,1.0,2,1,1.0,2,2,3.0,2,2.0,2.0,2.0,2.0,2.0,2.0,1,2.0,1.0,3,2.0,8.0
371,372,1,4.0,0,3.0,1,8,4.0,2,2.0,1.0,1.0,3,3,2.0,3,2,2.0,2,2.0,2.0,1.0,2.0,3.0,2.0,2,2.0,2.0,2,1.0,8.0
372,373,2,3.0,0,3.0,1,3,4.0,12,2.0,1.0,2.0,2,2,2.0,3,3,2.0,1,3.0,2.0,3.0,2.0,3.0,5.0,3,2.0,2.0,3,3.0,7.0
373,374,2,3.0,0,3.0,1,3,4.0,13,4.0,2.0,1.0,1,2,3.0,1,2,2.0,2,1.0,1.0,1.0,1.0,2.0,1.0,1,1.0,1.0,2,1.0,10.0
374,375,1,2.0,0,3.0,1,5,4.0,8,1.0,4.0,2.0,2,2,3.0,4,3,2.0,2,2.0,3.0,2.0,2.0,2.0,2.0,3,4.0,3.0,2,2.0,7.0
375,376,1,6.0,0,1.0,1,5,4.0,14,2.0,2.0,2.0,3,2,2.0,2,2,2.0,4,2.0,2.0,3.0,1.0,3.0,2.0,2,2.0,3.0,3,2.0,10.0
376,377,2,5.0,0,3.0,1,2,4.0,12,2.0,4.0,2.0,1,5,1.0,1,2,2.0,1,2.0,1.0,1.0,1.0,1.0,1.0,1,2.0,2.0,2,1.0,10.0
377,378,2,4.0,0,3.0,1,6,3.0,3,2.0,1.0,2.0,2,1,1.0,2,2,2.0,2,2.0,2.0,2.0,1.0,2.0,4.0,2,3.0,2.0,2,2.0,7.0
378,379,1,4.0,0,3.0,1,3,4.0,14,2.0,4.0,2.0,4,6,2.0,4,4,2.0,2,2.0,3.0,3.0,2.0,3.0,2.0,2,2.0,3.0,3,1.0,7.0
379,380,2,2.0,0,2.0,1,9,4.0,9,1.0,4.0,2.0,2,2,2.0,3,3,2.0,3,3.0,2.0,3.0,2.0,2.0,3.0,2,2.0,3.0,2,2.0,7.0
380,381,2,3.0,0,3.0,1,8,4.0,4,2.0,2.0,2.0,3,2,2.0,3,2,3.0,2,2.0,2.0,2.0,2.0,3.0,2.0,2,2.0,2.0,2,2.0,8.0
381,382,2,4.0,0,3.0,1,3,4.0,9,2.0,1.0,2.0,3,2,2.0,2,3,4.0,4,2.0,2.0,3.0,2.0,2.0,2.0,3,5.0,2.0,1,2.0,8.0
382,383,1,5.0,0,1.0,1,1,4.0,9,2.0,3.0,1.0,3,5,1.0,3,4,2.0,3,2.0,2.0,2.0,2.0,1.0,1.0,2,4.0,3.0,1,3.0,10.0
383,384,1,2.0,0,2.0,1,9,4.0,8,1.0,4.0,2.0,2,0,2.0,3,3,3.0,3,3.0,3.0,3.0,2.0,3.0,2.0,3,2.0,3.0,2,2.0,7.0
384,385,2,6.0,0,3.0,1,1,4.0,13,3.0,2.0,2.0,1,2,1.0,2,2,2.0,2,2.0,2.0,3.0,1.0,2.0,1.0,4,4.0,4.0,3,3.0,10.0
385,386,1,3.0,1,2.0,1,5,4.0,4,2.0,4.0,2.0,4,4,3.0,3,4,2.0,3,3.0,4.0,4.0,5.0,3.0,3.0,4,3.0,3.0,3,3.0,5.0
386,387,1,3.0,0,3.0,1,8,5.0,3,2.0,1.0,1.0,3,0,2.0,3,4,3.0,2,2.0,2.0,2.0,1.0,3.0,4.0,2,3.0,1.0,1,1.0,7.0
387,388,2,2.0,0,1.0,1,8,5.0,7,1.0,4.0,2.0,1,1,3.0,4,3,3.0,4,3.0,4.0,3.0,4.0,5.0,2.0,3,4.0,4.0,2,3.0,6.0
389,390,1,3.0,0,1.0,1,9,5.0,15,2.0,1.0,2.0,1,2,3.0,3,3,3.0,3,2.0,3.0,3.0,2.0,3.0,2.0,3,3.0,3.0,2,2.0,7.0
391,392,1,3.0,0,3.0,1,3,10.0,8,4.0,4.0,1.0,1,2,3.0,3,3,3.0,2,3.0,3.0,3.0,2.0,3.0,3.0,3,4.0,3.0,2,3.0,6.0
392,393,2,3.0,0,3.0,1,8,5.0,12,1.0,1.0,2.0,2,2,4.0,3,3,3.0,3,4.0,3.0,3.0,2.0,3.0,3.0,3,3.0,3.0,2,1.0,6.0
393,394,2,2.0,0,2.0,1,9,1.0,8,1.0,4.0,2.0,2,2,3.0,3,3,3.0,3,2.0,2.0,2.0,3.0,2.0,3.0,2,2.0,2.0,1,2.0,8.0
394,395,2,2.0,0,2.0,1,8,5.0,8,1.0,4.0,2.0,1,0,3.0,3,3,3.0,3,3.0,3.0,3.0,3.0,3.0,2.0,3,4.0,4.0,4,3.0,8.0
395,396,1,1.0,0,2.0,1,3,5.0,8,1.0,1.0,2.0,1,3,1.0,3,3,2.0,5,2.0,2.0,2.0,1.0,2.0,3.0,3,3.0,2.0,2,2.0,7.0
396,397,2,2.0,0,3.0,1,8,5.0,8,2.0,4.0,2.0,1,3,2.0,2,2,2.0,3,2.0,3.0,2.0,2.0,3.0,2.0,3,3.0,3.0,2,2.0,9.0
397,398,1,4.0,0,3.0,1,5,5.0,8,2.0,4.0,2.0,1,5,4.0,2,1,2.0,2,5.0,3.0,2.0,2.0,2.0,1.0,5,5.0,5.0,2,3.0,3.0
398,399,1,3.0,0,3.0,1,5,5.0,10,2.0,1.0,1.0,2,2,3.0,3,3,5.0,3,4.0,2.0,3.0,2.0,5.0,2.0,4,3.0,3.0,2,4.0,6.0
399,400,2,4.0,0,2.0,1,3,5.0,4,2.0,3.0,2.0,2,4,1.0,2,1,1.0,1,3.0,3.0,1.0,2.0,4.0,1.0,3,3.0,3.0,2,1.0,10.0
400,401,2,2.0,0,2.0,1,8,5.0,8,1.0,4.0,2.0,1,2,3.0,3,3,3.0,3,3.0,3.0,3.0,3.0,2.0,2.0,3,3.0,3.0,2,3.0,7.0
401,402,2,4.0,0,3.0,1,3,5.0,9,2.0,1.0,2.0,1,6,5.0,5,4,4.0,5,2.0,3.0,3.0,2.0,2.0,3.0,4,4.0,4.0,2,4.0,5.0
403,404,1,1.0,0,3.0,1,5,9.0,12,1.0,1.0,2.0,2,0,2.0,3,3,2.0,3,2.0,2.0,2.0,3.0,4.0,3.0,3,4.0,3.0,2,2.0,9.0
404,405,2,5.0,0,3.0,1,3,8.0,8,2.0,1.0,2.0,2,2,3.0,4,3,3.0,3,3.0,4.0,3.0,3.0,4.0,1.0,4,5.0,4.0,2,4.0,5.0
406,407,1,6.0,0,3.0,1,3,10.0,9,2.0,1.0,2.0,1,4,2.0,3,2,2.0,5,2.0,2.0,2.0,2.0,2.0,2.0,4,4.0,4.0,4,3.0,7.0
407,408,1,6.0,0,1.0,1,3,5.0,8,2.0,4.0,2.0,1,5,4.0,5,2,2.0,4,2.0,4.0,2.0,4.0,2.0,2.0,4,4.0,4.0,3,4.0,6.0
408,409,2,2.0,0,3.0,1,4,5.0,12,2.0,4.0,2.0,3,3,5.0,2,2,5.0,5,3.0,2.0,4.0,2.0,3.0,5.0,5,5.0,3.0,1,3.0,8.0
409,410,1,6.0,0,3.0,1,3,5.0,11,2.0,1.0,2.0,1,6,2.0,1,2,2.0,2,2.0,2.0,2.0,1.0,1.0,3.0,2,4.0,4.0,2,3.0,4.0
410,411,1,5.0,0,3.0,1,3,10.0,10,2.0,4.0,2.0,1,4,2.0,2,3,3.0,1,1.0,3.0,3.0,1.0,2.0,1.0,1,2.0,3.0,3,1.0,9.0
411,412,1,6.0,0,3.0,1,3,5.0,10,2.0,2.0,2.0,2,3,3.0,4,1,4.0,3,2.0,2.0,2.0,2.0,2.0,5.0,2,4.0,4.0,3,4.0,8.0
412,413,2,2.0,0,2.0,1,9,5.0,3,1.0,3.0,2.0,4,1,2.0,2,2,2.0,2,2.0,2.0,2.0,1.0,2.0,1.0,2,2.0,2.0,2,2.0,8.0
413,414,1,2.0,0,2.0,1,8,7.0,12,2.0,1.0,2.0,3,0,3.0,3,3,3.0,2,3.0,3.0,3.0,3.0,3.0,3.0,3,3.0,3.0,3,3.0,7.0
414,415,2,3.0,0,1.0,1,9,5.0,4,2.0,2.0,1.0,3,0,3.0,3,3,3.0,3,3.0,3.0,3.0,3.0,3.0,3.0,3,3.0,3.0,3,3.0,6.0
415,416,2,2.0,0,3.0,1,5,5.0,9,2.0,1.0,2.0,2,1,1.0,3,1,3.0,3,3.0,3.0,3.0,2.0,4.0,3.0,3,3.0,3.0,3,2.0,9.0
416,417,2,2.0,0,1.0,1,9,5.0,7,1.0,4.0,2.0,2,2,3.0,4,3,3.0,3,4.0,3.0,2.0,3.0,4.0,2.0,3,4.0,3.0,3,2.0,7.0
417,418,2,4.0,0,3.0,1,8,5.0,3,2.0,1.0,2.0,2,1,3.0,3,2,3.0,4,2.0,3.0,2.0,3.0,3.0,2.0,3,3.0,3.0,2,3.0,8.0
419,420,2,2.0,0,2.0,1,9,5.0,14,1.0,3.0,1.0,5,0,2.0,4,4,3.0,2,3.0,3.0,1.0,4.0,4.0,3.0,3,3.0,4.0,2,2.0,7.0
421,422,2,2.0,0,1.0,1,9,5.0,14,1.0,4.0,2.0,2,1,3.0,3,3,2.0,2,3.0,3.0,2.0,2.0,2.0,3.0,2,2.0,2.0,2,2.0,5.0
423,424,1,2.0,0,3.0,1,9,5.0,7,1.0,4.0,2.0,2,1,2.0,2,2,4.0,2,2.0,2.0,3.0,1.0,1.0,3.0,1,2.0,2.0,1,1.0,8.0
425,426,2,2.0,0,3.0,1,9,4.0,5,2.0,1.0,2.0,3,0,3.0,4,3,4.0,4,5.0,4.0,3.0,4.0,2.0,1.0,3,4.0,4.0,2,2.0,5.0
428,429,2,2.0,0,3.0,1,9,5.0,12,1.0,1.0,2.0,4,0,3.0,4,2,5.0,1,4.0,2.0,2.0,3.0,4.0,1.0,3,3.0,3.0,1,2.0,8.0
430,431,2,2.0,0,2.0,1,8,5.0,8,2.0,2.0,2.0,3,1,3.0,4,3,3.0,4,2.0,3.0,4.0,2.0,2.0,3.0,4,4.0,3.0,2,2.0,6.0
431,432,1,2.0,0,2.0,1,6,5.0,2,1.0,1.0,2.0,2,2,1.0,1,1,1.0,1,1.0,1.0,1.0,1.0,2.0,1.0,2,1.0,1.0,1,2.0,10.0
432,433,1,2.0,0,2.0,1,5,5.0,3,1.0,1.0,2.0,3,0,2.0,2,2,2.0,2,3.0,3.0,3.0,2.0,3.0,4.0,3,3.0,3.0,3,2.0,8.0
433,434,2,2.0,0,1.0,2,10,5.0,7,1.0,4.0,2.0,4,0,2.0,3,2,1.0,3,4.0,2.0,3.0,2.0,3.0,2.0,3,4.0,3.0,4,2.0,6.0
435,436,2,4.0,0,3.0,1,10,5.0,3,2.0,1.0,1.0,5,0,1.0,2,1,1.0,3,3.0,2.0,2.0,3.0,4.0,2.0,4,3.0,2.0,2,2.0,7.0
437,438,1,5.0,0,3.0,1,4,5.0,5,2.0,4.0,1.0,2,9,2.0,3,3,3.0,3,3.0,3.0,3.0,2.0,2.0,2.0,5,4.0,3.0,2,2.0,5.0
438,439,1,2.0,0,1.0,1,9,5.0,6,1.0,1.0,1.0,4,1,2.0,3,2,3.0,2,3.0,3.0,3.0,2.0,3.0,2.0,5,2.0,2.0,2,1.0,8.0
439,440,2,3.0,0,3.0,1,6,5.0,9,2.0,2.0,1.0,3,2,2.0,3,2,2.0,4,1.0,2.0,1.0,2.0,2.0,2.0,3,2.0,2.0,2,2.0,9.0
440,441,2,2.0,0,3.0,1,9,5.0,12,2.0,1.0,2.0,2,2,3.0,3,3,3.0,3,3.0,3.0,3.0,3.0,3.0,3.0,3,3.0,3.0,3,3.0,7.0
444,445,2,5.0,0,3.0,1,1,5.0,11,2.0,4.0,2.0,1,4,2.0,3,3,3.0,4,2.0,2.0,2.0,2.0,1.0,2.0,3,3.0,3.0,3,2.0,8.0
445,446,1,5.0,0,3.0,1,3,5.0,9,2.0,2.0,1.0,2,6,2.0,2,2,3.0,3,2.0,2.0,3.0,2.0,2.0,2.0,3,4.0,2.0,3,2.0,7.0
446,447,1,2.0,0,2.0,1,5,2.0,14,1.0,3.0,1.0,1,0,1.0,1,2,3.0,5,2.0,1.0,1.0,1.0,5.0,1.0,3,3.0,3.0,1,1.0,10.0
447,448,1,2.0,0,2.0,1,5,1.0,9,2.0,1.0,1.0,2,1,3.0,3,3,4.0,4,4.0,3.0,3.0,4.0,5.0,2.0,3,4.0,3.0,2,2.0,7.0
448,449,1,3.0,0,2.0,1,2,5.0,9,2.0,4.0,2.0,2,1,2.0,2,3,3.0,3,2.0,2.0,2.0,2.0,2.0,3.0,3,2.0,3.0,2,2.0,6.0
449,450,2,2.0,0,2.0,1,9,5.0,12,1.0,4.0,2.0,2,0,2.0,3,3,2.0,4,3.0,3.0,2.0,2.0,4.0,1.0,3,3.0,4.0,1,3.0,6.0
450,451,1,5.0,0,3.0,1,6,3.0,6,2.0,3.0,1.0,5,2,1.0,1,2,2.0,3,2.0,2.0,1.0,3.0,2.0,2.0,2,1.0,2.0,2,1.0,9.0
451,452,2,5.0,0,3.0,1,6,3.0,9,2.0,3.0,1.0,5,1,1.0,1,2,2.0,3,2.0,3.0,1.0,4.0,2.0,4.0,3,2.0,3.0,2,2.0,9.0
452,453,2,6.0,0,3.0,1,4,10.0,14,3.0,2.0,2.0,5,6,1.0,2,3,2.0,1,2.0,1.0,1.0,2.0,3.0,2.0,1,2.0,3.0,2,1.0,10.0
453,454,2,4.0,0,2.0,1,3,5.0,9,2.0,1.0,1.0,3,4,3.0,2,3,3.0,4,4.0,3.0,2.0,2.0,4.0,3.0,4,4.0,4.0,4,1.0,7.0
454,455,1,2.0,0,3.0,1,6,1.0,9,1.0,1.0,2.0,3,1,3.0,3,3,2.0,5,4.0,2.0,1.0,2.0,5.0,2.0,2,3.0,3.0,2,2.0,9.0
455,456,1,4.0,0,3.0,1,2,7.0,9,2.0,2.0,2.0,2,2,3.0,4,4,3.0,4,2.0,2.0,2.0,4.0,5.0,3.0,4,5.0,5.0,1,4.0,6.0
457,458,2,4.0,0,3.0,1,2,1.0,9,2.0,4.0,2.0,2,6,2.0,3,4,3.0,3,4.0,2.0,3.0,2.0,3.0,2.0,3,5.0,4.0,4,1.0,6.0
458,459,2,1.0,0,2.0,2,5,10.0,13,1.0,4.0,2.0,1,0,5.0,5,4,5.0,3,2.0,2.0,1.0,1.0,4.0,2.0,3,5.0,2.0,1,2.0,7.0
459,460,2,4.0,0,1.0,1,8,10.0,2,2.0,3.0,1.0,5,3,2.0,2,1,2.0,1,2.0,2.0,1.0,1.0,5.0,2.0,2,4.0,2.0,1,2.0,8.0
460,461,2,4.0,0,1.0,1,8,10.0,2,2.0,3.0,1.0,5,2,2.0,2,2,3.0,5,2.0,2.0,3.0,4.0,1.0,2.0,3,5.0,2.0,1,2.0,8.0
461,462,2,4.0,0,1.0,1,8,10.0,3,2.0,3.0,1.0,5,3,1.0,2,2,3.0,4,2.0,1.0,1.0,2.0,5.0,2.0,2,4.0,2.0,1,1.0,9.0
462,463,1,5.0,1,2.0,1,10,3.0,6,1.0,3.0,1.0,5,2,1.0,1,3,2.0,4,2.0,2.0,1.0,3.0,5.0,5.0,3,4.0,2.0,1,1.0,8.0
463,464,2,4.0,0,3.0,1,3,7.0,9,2.0,2.0,1.0,2,0,3.0,3,2,2.0,1,2.0,2.0,3.0,2.0,2.0,2.0,3,4.0,3.0,2,3.0,7.0
464,465,1,5.0,0,3.0,1,2,1.0,9,2.0,4.0,2.0,1,6,4.0,4,4,2.0,4,4.0,4.0,3.0,3.0,2.0,3.0,4,4.0,4.0,3,5.0,0.0
465,466,2,3.0,0,3.0,1,3,1.0,9,2.0,1.0,2.0,1,1,2.0,3,2,2.0,3,3.0,2.0,2.0,2.0,2.0,3.0,3,2.0,4.0,2,1.0,9.0
466,467,1,5.0,0,3.0,2,3,2.0,9,2.0,1.0,1.0,2,0,3.0,3,3,3.0,1,2.0,2.0,2.0,2.0,4.0,2.0,3,3.0,2.0,2,2.0,8.0
467,468,1,2.0,0,2.0,1,3,5.0,11,2.0,4.0,2.0,1,3,2.0,3,3,3.0,2,3.0,3.0,3.0,3.0,3.0,3.0,3,3.0,2.0,3,3.0,5.0
468,469,2,3.0,0,3.0,1,2,5.0,9,2.0,1.0,1.0,4,2,2.0,3,3,2.0,4,2.0,3.0,3.0,2.0,5.0,2.0,3,4.0,4.0,1,3.0,10.0
469,470,1,6.0,0,1.0,2,2,1.0,13,2.0,4.0,2.0,1,0,2.0,2,4,2.0,2,2.0,2.0,2.0,2.0,2.0,2.0,2,2.0,2.0,3,2.0,6.0
470,471,2,2.0,0,2.0,3,9,5.0,14,1.0,4.0,2.0,1,0,2.0,4,4,2.0,3,3.0,3.0,3.0,2.0,2.0,2.0,4,3.0,3.0,2,2.0,7.0
471,472,2,2.0,0,1.0,1,9,3.0,5,1.0,1.0,2.0,4,0,2.0,3,1,2.0,4,1.0,2.0,1.0,2.0,5.0,2.0,1,5.0,2.0,1,2.0,7.0
472,473,2,2.0,0,3.0,1,9,4.0,7,1.0,2.0,2.0,3,0,2.0,2,3,2.0,2,1.0,2.0,4.0,1.0,2.0,2.0,2,1.0,2.0,1,2.0,7.0
473,474,1,4.0,0,3.0,1,3,5.0,9,4.0,1.0,2.0,3,2,3.0,4,4,2.0,2,3.0,2.0,3.0,3.0,5.0,2.0,4,5.0,3.0,2,4.0,5.0
474,475,2,4.0,0,1.0,1,8,7.0,7,4.0,2.0,1.0,4,1,2.0,2,2,2.0,3,3.0,2.0,2.0,2.0,5.0,4.0,2,2.0,4.0,2,2.0,8.0
475,476,1,6.0,1,2.0,4,3,4.0,9,3.0,3.0,1.0,5,1,2.0,1,1,2.0,2,2.0,1.0,2.0,2.0,4.0,2.0,2,2.0,3.0,3,2.0,9.0
476,477,2,2.0,1,3.0,1,6,5.0,14,2.0,4.0,2.0,1,3,4.0,5,5,3.0,1,3.0,2.0,2.0,2.0,2.0,3.0,2,3.0,3.0,1,3.0,5.0
477,478,2,4.0,0,3.0,1,3,5.0,15,2.0,1.0,2.0,1,2,3.0,3,3,3.0,3,2.0,3.0,3.0,3.0,2.0,3.0,2,4.0,3.0,2,3.0,6.0
478,479,1,2.0,0,1.0,1,8,5.0,9,2.0,1.0,1.0,2,1,1.0,1,1,1.0,1,2.0,1.0,2.0,3.0,3.0,2.0,3,3.0,4.0,2,2.0,9.0
479,480,1,3.0,0,3.0,1,3,5.0,11,4.0,1.0,2.0,1,0,3.0,3,3,3.0,3,3.0,3.0,3.0,2.0,4.0,2.0,3,4.0,3.0,2,4.0,5.0
480,481,1,5.0,0,3.0,1,5,5.0,6,2.0,1.0,1.0,2,3,1.0,1,2,1.0,2,1.0,2.0,2.0,1.0,1.0,1.0,1,2.0,2.0,1,1.0,9.0
481,482,2,2.0,0,3.0,1,4,5.0,8,2.0,2.0,1.0,2,0,3.0,3,3,3.0,3,2.0,3.0,3.0,2.0,4.0,3.0,3,3.0,3.0,3,3.0,7.0
482,483,2,3.0,0,3.0,1,4,5.0,12,2.0,1.0,2.0,1,0,3.0,3,3,3.0,3,2.0,3.0,3.0,3.0,2.0,2.0,3,3.0,2.0,2,2.0,7.0
483,484,2,4.0,0,3.0,1,9,5.0,3,2.0,1.0,1.0,2,0,3.0,3,3,4.0,4,3.0,3.0,3.0,3.0,2.0,3.0,3,3.0,3.0,2,2.0,6.0
484,485,1,2.0,0,3.0,2,8,1.0,8,1.0,1.0,1.0,3,0,2.0,4,3,2.0,2,1.0,2.0,2.0,1.0,3.0,1.0,2,2.0,2.0,1,1.0,8.0
485,486,1,2.0,0,2.0,1,8,5.0,12,1.0,1.0,2.0,1,2,3.0,5,5,5.0,5,5.0,5.0,3.0,2.0,2.0,3.0,5,5.0,5.0,2,2.0,3.0
487,488,2,3.0,0,3.0,1,3,5.0,8,2.0,4.0,2.0,2,1,1.0,3,3,3.0,3,3.0,3.0,1.0,3.0,3.0,1.0,1,3.0,5.0,3,1.0,6.0
488,489,1,2.0,0,3.0,1,4,5.0,5,2.0,4.0,2.0,2,2,3.0,3,3,3.0,2,2.0,2.0,3.0,3.0,3.0,3.0,2,4.0,2.0,5,2.0,7.0
489,490,2,3.0,0,2.0,2,5,5.0,8,2.0,1.0,2.0,1,2,2.0,2,2,3.0,3,2.0,2.0,2.0,2.0,2.0,2.0,2,2.0,3.0,3,2.0,5.0
490,491,1,3.0,0,3.0,1,3,5.0,8,2.0,1.0,1.0,2,4,1.0,2,2,2.0,4,3.0,4.0,2.0,3.0,3.0,1.0,3,3.0,2.0,1,2.0,10.0
491,492,1,2.0,0,2.0,3,8,5.0,12,2.0,1.0,1.0,3,0,2.0,3,2,2.0,3,2.0,2.0,1.0,1.0,2.0,1.0,2,2.0,1.0,2,1.0,9.0
493,494,2,2.0,0,3.0,2,3,5.0,8,1.0,4.0,2.0,2,1,3.0,3,2,2.0,2,1.0,2.0,2.0,2.0,1.0,1.0,2,2.0,2.0,2,2.0,7.0
494,495,2,4.0,0,3.0,2,2,1.0,4,2.0,4.0,2.0,2,3,1.0,3,3,3.0,5,3.0,3.0,3.0,3.0,3.0,3.0,3,5.0,3.0,3,3.0,7.0
495,496,2,3.0,0,2.0,1,8,5.0,9,2.0,2.0,1.0,3,2,1.0,1,2,3.0,2,2.0,2.0,2.0,2.0,2.0,2.0,2,2.0,2.0,2,2.0,8.0
496,497,2,2.0,0,2.0,2,3,5.0,4,1.0,4.0,2.0,2,0,3.0,3,3,5.0,3,3.0,4.0,3.0,3.0,4.0,3.0,3,5.0,3.0,2,3.0,6.0
497,498,1,3.0,0,2.0,1,8,5.0,5,2.0,1.0,1.0,3,0,1.0,3,2,2.0,3,2.0,2.0,2.0,2.0,3.0,2.0,3,3.0,2.0,2,2.0,9.0
498,499,2,2.0,0,1.0,1,10,5.0,2,1.0,4.0,2.0,3,1,2.0,3,2,2.0,3,2.0,2.0,2.0,2.0,2.0,2.0,3,2.0,2.0,2,2.0,7.0
499,500,1,4.0,0,2.0,7,3,4.0,9,2.0,1.0,2.0,2,2,3.0,3,4,2.0,3,2.0,3.0,2.0,2.0,3.0,3.0,3,4.0,3.0,2,2.0,7.0
501,502,1,4.0,0,3.0,1,6,5.0,6,2.0,2.0,1.0,1,2,2.0,3,3,3.0,4,3.0,3.0,3.0,2.0,3.0,3.0,3,2.0,2.0,2,2.0,7.0
503,504,2,3.0,0,2.0,1,6,5.0,6,2.0,1.0,2.0,1,1,3.0,3,3,3.0,3,3.0,3.0,3.0,2.0,3.0,2.0,3,4.0,3.0,2,2.0,6.0
504,505,1,2.0,0,2.0,1,5,5.0,10,1.0,4.0,1.0,4,0,2.0,3,2,3.0,2,3.0,3.0,3.0,1.0,4.0,2.0,3,2.0,2.0,2,1.0,7.0
505,506,2,6.0,0,3.0,1,5,1.0,14,2.0,3.0,1.0,2,4,2.0,3,3,4.0,4,3.0,3.0,2.0,1.0,2.0,2.0,2,5.0,3.0,1,2.0,7.0
506,507,1,6.0,0,3.0,1,4,9.0,15,2.0,1.0,1.0,1,5,1.0,1,1,1.0,1,1.0,1.0,1.0,1.0,1.0,1.0,1,1.0,1.0,1,1.0,10.0
507,508,1,3.0,0,3.0,1,4,6.0,13,2.0,4.0,2.0,1,2,2.0,2,3,4.0,5,3.0,4.0,3.0,2.0,2.0,2.0,3,2.0,2.0,2,2.0,8.0
508,509,1,3.0,0,3.0,1,8,4.0,8,2.0,1.0,1.0,1,0,3.0,3,3,5.0,4,2.0,2.0,3.0,2.0,4.0,2.0,2,3.0,3.0,2,3.0,7.0
509,510,2,5.0,0,3.0,1,5,6.0,14,2.0,1.0,2.0,1,5,1.0,3,5,2.0,1,1.0,3.0,2.0,3.0,2.0,1.0,3,3.0,2.0,2,1.0,9.0
510,511,1,4.0,0,3.0,1,3,6.0,3,2.0,1.0,2.0,1,5,5.0,5,5,5.0,5,5.0,5.0,5.0,5.0,5.0,5.0,5,5.0,1.0,3,1.0,0.0
511,512,2,4.0,0,2.0,1,3,6.0,13,2.0,4.0,2.0,1,3,3.0,3,3,2.0,2,5.0,2.0,2.0,3.0,2.0,2.0,2,3.0,2.0,3,1.0,7.0
512,513,1,6.0,0,1.0,1,6,6.0,5,2.0,1.0,2.0,2,3,2.0,2,2,3.0,2,3.0,2.0,2.0,2.0,2.0,2.0,2,3.0,3.0,3,1.0,9.0
513,514,2,2.0,0,3.0,2,6,6.0,4,1.0,4.0,2.0,1,5,3.0,3,3,3.0,2,3.0,3.0,2.0,3.0,2.0,3.0,2,3.0,3.0,2,2.0,9.0
514,515,1,3.0,0,3.0,2,8,5.0,5,2.0,3.0,1.0,3,0,2.0,2,3,3.0,3,2.0,2.0,2.0,2.0,3.0,2.0,2,3.0,3.0,2,1.0,9.0
515,516,2,1.0,0,3.0,1,2,6.0,15,1.0,4.0,1.0,2,0,1.0,1,1,1.0,2,3.0,3.0,2.0,2.0,1.0,1.0,1,2.0,3.0,1,2.0,10.0
516,517,2,3.0,0,3.0,1,4,6.0,2,2.0,4.0,1.0,2,2,3.0,3,2,2.0,2,1.0,1.0,2.0,1.0,1.0,2.0,1,3.0,3.0,1,1.0,9.0
517,518,1,2.0,0,3.0,1,4,1.0,12,1.0,1.0,1.0,4,0,3.0,3,3,3.0,3,3.0,3.0,4.0,4.0,5.0,3.0,3,3.0,3.0,2,3.0,8.0
518,519,2,2.0,0,2.0,1,8,1.0,12,1.0,1.0,2.0,2,1,2.0,2,1,3.0,2,1.0,2.0,3.0,2.0,1.0,2.0,2,3.0,3.0,2,2.0,8.0
519,520,1,4.0,0,1.0,1,6,6.0,10,2.0,2.0,1.0,3,2,1.0,2,2,2.0,2,3.0,2.0,2.0,2.0,5.0,3.0,5,5.0,3.0,3,2.0,8.0
520,521,1,3.0,0,3.0,1,4,6.0,10,2.0,2.0,1.0,2,2,2.0,3,3,1.0,3,2.0,2.0,3.0,2.0,4.0,2.0,3,3.0,2.0,3,2.0,8.0
521,522,2,5.0,0,3.0,1,5,8.0,8,2.0,1.0,1.0,1,6,1.0,2,3,3.0,3,3.0,3.0,3.0,3.0,2.0,2.0,3,4.0,3.0,2,1.0,8.0
522,523,2,2.0,0,2.0,4,8,6.0,5,1.0,1.0,1.0,2,2,1.0,4,3,5.0,4,2.0,2.0,2.0,2.0,4.0,1.0,3,3.0,2.0,1,1.0,9.0
523,524,2,6.0,0,3.0,1,3,4.0,15,2.0,4.0,2.0,1,6,3.0,3,3,3.0,5,5.0,5.0,5.0,3.0,3.0,3.0,5,5.0,3.0,5,3.0,1.0
524,525,2,2.0,0,2.0,1,6,7.0,5,1.0,1.0,2.0,3,2,1.0,4,2,5.0,5,4.0,1.0,3.0,1.0,4.0,3.0,4,5.0,3.0,1,4.0,6.0
525,526,2,3.0,0,3.0,1,4,4.0,8,2.0,1.0,2.0,2,1,3.0,3,3,3.0,3,2.0,3.0,3.0,3.0,3.0,3.0,3,3.0,3.0,3,3.0,7.0
526,527,1,5.0,0,3.0,1,7,4.0,6,2.0,1.0,2.0,2,3,2.0,2,2,2.0,4,3.0,2.0,2.0,3.0,3.0,3.0,4,5.0,2.0,3,2.0,9.0
527,528,2,1.0,0,2.0,4,3,6.0,15,2.0,4.0,2.0,1,0,1.0,3,3,2.0,3,3.0,3.0,3.0,3.0,3.0,2.0,3,3.0,3.0,3,1.0,10.0
529,530,1,2.0,0,1.0,1,9,6.0,7,1.0,1.0,2.0,2,0,2.0,3,3,3.0,3,3.0,3.0,3.0,2.0,2.0,2.0,3,4.0,2.0,2,2.0,7.0
530,531,1,2.0,0,3.0,1,6,6.0,12,2.0,4.0,2.0,3,1,3.0,3,3,2.0,4,3.0,4.0,3.0,2.0,2.0,3.0,2,3.0,3.0,2,2.0,8.0
532,533,2,4.0,0,3.0,1,5,6.0,12,2.0,1.0,1.0,1,3,1.0,1,3,3.0,1,2.0,2.0,3.0,2.0,2.0,3.0,2,2.0,3.0,3,3.0,5.0
533,534,2,4.0,0,3.0,1,5,6.0,9,2.0,1.0,2.0,2,3,2.0,2,4,2.0,4,3.0,2.0,4.0,2.0,2.0,2.0,2,3.0,2.0,2,3.0,8.0
534,535,1,2.0,0,3.0,1,8,6.0,15,1.0,3.0,2.0,3,0,3.0,3,3,3.0,3,3.0,3.0,3.0,2.0,2.0,2.0,2,3.0,3.0,2,3.0,7.0
535,536,1,2.0,0,3.0,1,4,6.0,3,1.0,1.0,2.0,5,2,3.0,3,3,5.0,5,4.0,3.0,3.0,2.0,2.0,5.0,2,2.0,2.0,1,1.0,3.0
536,537,2,4.0,0,3.0,1,2,6.0,9,2.0,4.0,2.0,1,4,2.0,2,2,2.0,2,2.0,2.0,2.0,2.0,2.0,1.0,3,3.0,3.0,3,4.0,8.0
537,538,2,4.0,1,3.0,1,3,6.0,11,2.0,4.0,2.0,1,2,3.0,3,2,2.0,1,2.0,2.0,4.0,2.0,2.0,3.0,3,3.0,3.0,4,1.0,8.0
538,539,2,3.0,0,2.0,1,9,4.0,9,2.0,1.0,1.0,2,3,3.0,3,4,4.0,4,3.0,3.0,3.0,4.0,2.0,2.0,4,3.0,4.0,2,2.0,8.0
539,540,1,2.0,0,3.0,1,9,4.0,9,1.0,1.0,1.0,3,1,3.0,3,2,3.0,5,3.0,2.0,2.0,3.0,5.0,3.0,5,4.0,3.0,2,2.0,7.0
540,541,1,6.0,0,3.0,1,2,6.0,6,2.0,1.0,1.0,1,8,2.0,3,2,2.0,2,2.0,2.0,2.0,2.0,2.0,2.0,4,5.0,2.0,2,2.0,9.0
541,542,2,4.0,0,3.0,1,3,6.0,8,2.0,4.0,2.0,2,3,3.0,3,2,3.0,2,2.0,2.0,3.0,2.0,3.0,3.0,3,2.0,2.0,3,2.0,5.0
542,543,2,3.0,0,2.0,2,5,6.0,12,2.0,2.0,1.0,2,1,2.0,5,5,3.0,3,3.0,3.0,2.0,2.0,2.0,2.0,2,3.0,3.0,1,2.0,6.0
543,544,2,1.0,0,2.0,1,8,8.0,7,1.0,1.0,1.0,2,0,1.0,3,3,3.0,1,3.0,2.0,3.0,3.0,3.0,2.0,2,3.0,2.0,2,3.0,6.0
544,545,2,3.0,0,3.0,1,9,6.0,7,2.0,2.0,1.0,4,3,1.0,1,1,3.0,2,3.0,2.0,2.0,2.0,2.0,2.0,2,2.0,2.0,1,1.0,8.0
545,546,2,3.0,0,3.0,1,5,6.0,14,2.0,4.0,1.0,3,2,2.0,2,2,4.0,5,4.0,2.0,2.0,3.0,3.0,4.0,4,4.0,2.0,2,3.0,8.0
548,549,2,2.0,0,3.0,1,6,9.0,12,1.0,4.0,2.0,2,0,3.0,3,3,3.0,3,3.0,3.0,2.0,3.0,3.0,2.0,3,3.0,3.0,2,1.0,6.0
549,550,1,1.0,0,2.0,1,9,9.0,14,1.0,4.0,2.0,2,2,2.0,2,2,2.0,2,2.0,2.0,2.0,2.0,2.0,2.0,1,3.0,2.0,2,1.0,8.0
551,552,1,5.0,0,3.0,1,3,9.0,4,2.0,1.0,2.0,2,3,2.0,2,3,2.0,3,3.0,3.0,3.0,3.0,3.0,3.0,3,3.0,3.0,3,2.0,5.0
552,553,2,1.0,0,3.0,1,5,9.0,9,1.0,4.0,2.0,2,1,2.0,3,2,3.0,3,3.0,2.0,2.0,3.0,3.0,3.0,3,3.0,3.0,3,2.0,8.0
553,554,2,4.0,0,3.0,1,3,9.0,12,2.0,4.0,2.0,1,5,4.0,4,4,3.0,4,4.0,2.0,2.0,2.0,2.0,3.0,4,4.0,4.0,4,3.0,2.0
554,555,2,2.0,0,2.0,1,8,9.0,8,2.0,1.0,2.0,2,1,2.0,3,2,3.0,4,1.0,3.0,2.0,1.0,1.0,1.0,2,2.0,3.0,1,3.0,7.0
555,556,2,2.0,0,2.0,1,9,10.0,14,1.0,4.0,2.0,1,0,3.0,3,3,4.0,4,4.0,4.0,3.0,5.0,3.0,3.0,3,4.0,3.0,2,1.0,5.0
556,557,1,6.0,0,1.0,1,8,9.0,3,2.0,1.0,2.0,2,4,3.0,3,3,3.0,4,2.0,2.0,3.0,2.0,1.0,3.0,2,3.0,3.0,2,3.0,7.0
557,558,1,6.0,0,3.0,3,2,9.0,14,2.0,1.0,1.0,3,8,2.0,3,3,2.0,5,4.0,2.0,2.0,2.0,2.0,3.0,4,3.0,3.0,3,2.0,6.0
558,559,2,2.0,0,2.0,1,4,9.0,8,1.0,1.0,1.0,3,0,3.0,3,3,3.0,4,3.0,3.0,4.0,3.0,4.0,2.0,3,3.0,3.0,2,3.0,7.0
559,560,1,6.0,0,3.0,1,2,9.0,12,2.0,1.0,2.0,2,5,2.0,4,3,1.0,5,1.0,3.0,2.0,1.0,2.0,1.0,5,2.0,3.0,2,1.0,9.0
560,561,1,2.0,0,3.0,1,6,10.0,10,1.0,3.0,1.0,2,1,2.0,2,3,3.0,2,2.0,3.0,2.0,2.0,2.0,3.0,2,3.0,3.0,2,1.0,7.0
561,562,2,2.0,0,2.0,1,6,9.0,9,2.0,4.0,2.0,2,2,3.0,4,2,4.0,4,2.0,3.0,4.0,4.0,2.0,2.0,5,3.0,5.0,1,2.0,7.0
563,564,2,6.0,0,3.0,1,3,9.0,14,2.0,1.0,1.0,4,1,1.0,2,2,2.0,2,2.0,2.0,2.0,2.0,2.0,3.0,1,3.0,2.0,2,1.0,8.0
564,565,2,2.0,0,2.0,1,8,9.0,12,1.0,1.0,2.0,1,0,1.0,1,2,1.0,1,1.0,2.0,1.0,1.0,2.0,1.0,1,2.0,2.0,1,1.0,9.0
566,567,2,5.0,0,2.0,1,5,9.0,8,2.0,2.0,1.0,2,6,3.0,4,2,2.0,5,3.0,4.0,2.0,2.0,4.0,3.0,4,2.0,2.0,1,1.0,5.0
567,568,1,2.0,0,2.0,1,8,9.0,9,2.0,1.0,1.0,4,0,2.0,2,2,2.0,4,3.0,2.0,2.0,3.0,4.0,1.0,2,3.0,2.0,2,1.0,8.0
568,569,1,5.0,0,3.0,1,2,9.0,9,2.0,1.0,2.0,1,0,2.0,4,2,2.0,4,3.0,2.0,2.0,1.0,2.0,4.0,4,4.0,2.0,2,4.0,8.0
569,570,2,3.0,0,3.0,1,6,9.0,8,2.0,2.0,1.0,1,0,2.0,2,2,2.0,2,2.0,2.0,3.0,2.0,2.0,1.0,2,2.0,2.0,2,1.0,8.0
570,571,1,4.0,0,3.0,1,2,9.0,13,2.0,4.0,2.0,2,0,1.0,4,3,3.0,5,3.0,3.0,3.0,3.0,2.0,1.0,4,3.0,2.0,4,3.0,6.0
571,572,2,3.0,0,3.0,1,5,10.0,9,2.0,1.0,1.0,3,3,2.0,3,2,3.0,3,3.0,3.0,2.0,2.0,3.0,2.0,2,3.0,3.0,3,2.0,6.0
572,573,2,4.0,0,3.0,1,5,9.0,12,2.0,4.0,1.0,1,4,1.0,2,2,2.0,1,1.0,1.0,1.0,1.0,2.0,2.0,1,2.0,2.0,2,1.0,9.0
573,574,2,2.0,0,3.0,1,8,9.0,9,2.0,1.0,1.0,4,0,2.0,3,2,3.0,3,2.0,2.0,2.0,2.0,3.0,2.0,2,2.0,3.0,2,2.0,7.0
574,575,2,5.0,0,3.0,1,2,9.0,9,2.0,1.0,2.0,1,2,4.0,3,2,3.0,2,1.0,1.0,2.0,2.0,1.0,2.0,4,4.0,3.0,3,2.0,5.0
575,576,2,4.0,0,3.0,1,5,9.0,8,2.0,1.0,1.0,1,1,1.0,1,1,3.0,3,3.0,1.0,2.0,2.0,2.0,2.0,3,4.0,2.0,2,1.0,10.0
576,577,1,3.0,0,2.0,1,6,9.0,12,2.0,1.0,1.0,2,2,3.0,3,3,5.0,3,3.0,3.0,3.0,4.0,4.0,2.0,3,4.0,3.0,2,1.0,7.0
577,578,2,4.0,0,3.0,1,3,9.0,8,4.0,2.0,2.0,2,4,1.0,1,2,2.0,1,2.0,2.0,2.0,2.0,2.0,2.0,2,3.0,2.0,1,2.0,10.0
578,579,2,4.0,0,3.0,1,5,9.0,4,2.0,1.0,2.0,2,2,2.0,2,3,3.0,3,4.0,3.0,2.0,3.0,2.0,2.0,3,3.0,3.0,3,2.0,8.0
580,581,1,2.0,0,2.0,1,4,10.0,12,1.0,4.0,2.0,1,2,1.0,2,2,2.0,1,1.0,1.0,2.0,3.0,3.0,1.0,1,2.0,2.0,1,1.0,9.0
581,582,2,3.0,0,3.0,1,3,9.0,8,2.0,1.0,1.0,1,0,3.0,3,3,2.0,4,3.0,3.0,3.0,2.0,4.0,2.0,3,4.0,4.0,2,1.0,8.0
582,583,1,5.0,0,1.0,1,5,9.0,8,2.0,1.0,1.0,1,7,4.0,4,3,2.0,3,3.0,3.0,3.0,4.0,2.0,3.0,3,3.0,3.0,3,3.0,10.0
583,584,2,3.0,0,3.0,1,3,9.0,8,2.0,1.0,2.0,1,1,1.0,1,1,1.0,1,2.0,2.0,2.0,2.0,2.0,3.0,3,3.0,3.0,2,2.0,7.0
584,585,2,4.0,0,3.0,1,5,9.0,14,2.0,2.0,1.0,2,2,1.0,3,1,1.0,1,1.0,1.0,1.0,1.0,1.0,1.0,3,3.0,3.0,3,4.0,10.0
585,586,1,3.0,0,1.0,1,10,9.0,2,2.0,3.0,1.0,5,0,2.0,2,2,2.0,2,3.0,3.0,3.0,1.0,1.0,2.0,2,3.0,2.0,1,2.0,7.0
586,587,2,2.0,0,2.0,1,5,9.0,9,2.0,2.0,2.0,1,1,3.0,3,3,4.0,2,3.0,3.0,3.0,2.0,2.0,3.0,2,2.0,3.0,2,2.0,7.0
587,588,1,6.0,0,3.0,2,2,9.0,13,2.0,4.0,2.0,2,3,3.0,3,2,1.0,5,2.0,3.0,3.0,2.0,1.0,3.0,5,5.0,5.0,1,3.0,8.0
589,590,2,2.0,0,2.0,1,8,9.0,8,2.0,1.0,1.0,3,0,3.0,4,3,3.0,3,3.0,3.0,3.0,3.0,4.0,3.0,3,3.0,3.0,3,3.0,5.0
590,591,2,4.0,0,3.0,1,3,9.0,8,4.0,4.0,2.0,1,1,3.0,3,3,3.0,1,4.0,3.0,3.0,3.0,2.0,3.0,3,3.0,3.0,2,3.0,6.0
591,592,2,6.0,0,3.0,1,2,9.0,13,3.0,1.0,2.0,1,5,1.0,3,3,1.0,3,3.0,3.0,4.0,2.0,3.0,2.0,5,5.0,3.0,2,3.0,5.0
592,593,1,4.0,0,3.0,1,3,10.0,8,2.0,1.0,2.0,1,4,2.0,2,1,1.0,1,2.0,2.0,1.0,1.0,1.0,1.0,2,1.0,1.0,1,1.0,8.0
593,594,1,3.0,0,2.0,1,8,9.0,12,2.0,1.0,1.0,1,1,3.0,4,3,3.0,5,3.0,3.0,3.0,3.0,2.0,2.0,4,5.0,3.0,3,2.0,6.0
594,595,1,2.0,0,2.0,1,8,9.0,9,2.0,2.0,1.0,3,1,3.0,3,3,3.0,3,3.0,3.0,4.0,2.0,3.0,3.0,3,3.0,3.0,2,3.0,7.0
595,596,1,6.0,0,3.0,1,1,9.0,13,2.0,1.0,2.0,2,2,3.0,5,3,4.0,4,3.0,2.0,4.0,2.0,2.0,2.0,2,5.0,4.0,1,3.0,9.0
596,597,1,6.0,0,1.0,1,9,9.0,1,2.0,1.0,2.0,3,6,2.0,2,2,3.0,3,2.0,2.0,2.0,2.0,2.0,3.0,3,3.0,3.0,3,2.0,8.0
597,598,2,2.0,0,2.0,1,8,9.0,8,1.0,1.0,2.0,1,0,3.0,3,3,3.0,3,2.0,2.0,2.0,2.0,4.0,3.0,2,4.0,2.0,2,2.0,8.0
598,599,2,3.0,0,3.0,1,4,9.0,9,2.0,1.0,2.0,1,1,4.0,5,3,3.0,3,4.0,4.0,3.0,1.0,2.0,4.0,3,5.0,3.0,2,4.0,4.0
599,600,2,6.0,0,3.0,1,2,9.0,9,2.0,1.0,2.0,1,5,1.0,3,2,3.0,2,3.0,2.0,3.0,1.0,2.0,3.0,2,2.0,3.0,3,3.0,6.0
600,601,1,5.0,0,3.0,1,3,9.0,9,2.0,1.0,1.0,1,5,2.0,2,1,4.0,3,3.0,3.0,2.0,1.0,2.0,2.0,3,3.0,2.0,1,1.0,9.0
601,602,2,4.0,0,1.0,5,9,9.0,2,1.0,2.0,1.0,1,2,5.0,2,3,5.0,4,3.0,3.0,3.0,3.0,4.0,2.0,3,5.0,2.0,2,3.0,8.0
602,603,2,5.0,0,3.0,1,3,9.0,9,2.0,1.0,1.0,2,4,2.0,2,2,2.0,3,4.0,3.0,4.0,3.0,4.0,1.0,3,3.0,1.0,1,3.0,7.0
604,605,1,5.0,0,3.0,1,3,9.0,12,4.0,4.0,2.0,1,2,3.0,4,4,3.0,2,2.0,3.0,1.0,2.0,2.0,1.0,3,3.0,4.0,4,1.0,9.0
605,606,1,3.0,0,1.0,1,10,9.0,2,1.0,2.0,1.0,4,3,1.0,2,2,1.0,1,4.0,2.0,1.0,1.0,4.0,2.0,3,3.0,4.0,2,3.0,7.0
606,607,1,6.0,0,1.0,1,8,9.0,3,3.0,1.0,1.0,3,2,1.0,3,4,5.0,4,4.0,2.0,2.0,3.0,4.0,1.0,3,2.0,1.0,2,1.0,8.0
607,608,1,6.0,0,3.0,2,3,9.0,10,1.0,1.0,1.0,2,2,1.0,2,2,3.0,4,4.0,2.0,1.0,2.0,4.0,2.0,3,3.0,3.0,1,1.0,9.0
608,609,1,4.0,0,3.0,1,10,9.0,9,2.0,2.0,1.0,5,1,1.0,1,1,1.0,4,4.0,3.0,3.0,3.0,5.0,3.0,3,4.0,3.0,2,3.0,5.0
609,610,2,2.0,1,3.0,6,10,9.0,5,1.0,2.0,2.0,4,0,2.0,3,1,1.0,4,5.0,2.0,1.0,4.0,5.0,2.0,3,3.0,3.0,1,1.0,10.0
610,611,2,1.0,1,3.0,6,10,9.0,5,1.0,2.0,1.0,4,0,4.0,2,1,1.0,2,3.0,1.0,4.0,4.0,3.0,2.0,2,4.0,3.0,1,1.0,4.0
611,612,1,5.0,0,3.0,1,7,9.0,14,4.0,1.0,1.0,1,0,5.0,3,4,3.0,4,2.0,4.0,2.0,2.0,2.0,2.0,4,4.0,3.0,3,3.0,6.0
612,613,1,3.0,0,3.0,1,8,9.0,9,2.0,1.0,1.0,1,0,3.0,3,3,3.0,3,4.0,2.0,3.0,2.0,2.0,2.0,2,3.0,3.0,2,3.0,9.0
613,614,2,2.0,0,3.0,1,8,9.0,14,2.0,1.0,2.0,2,0,1.0,2,1,1.0,1,4.0,1.0,2.0,3.0,3.0,1.0,3,1.0,2.0,2,1.0,8.0
614,615,2,2.0,0,3.0,2,8,9.0,9,1.0,1.0,2.0,3,0,3.0,3,3,3.0,5,3.0,3.0,2.0,3.0,3.0,3.0,3,4.0,3.0,2,2.0,7.0
615,616,1,5.0,0,3.0,1,3,9.0,11,2.0,1.0,2.0,2,3,2.0,2,4,4.0,4,2.0,4.0,2.0,2.0,2.0,1.0,4,3.0,2.0,2,2.0,6.0
616,617,2,6.0,0,3.0,1,3,9.0,15,3.0,1.0,2.0,1,5,2.0,3,4,3.0,5,5.0,2.0,3.0,1.0,4.0,1.0,2,2.0,3.0,3,3.0,8.0
617,618,1,6.0,0,3.0,1,1,9.0,15,2.0,1.0,2.0,4,2,1.0,1,3,3.0,5,5.0,1.0,2.0,1.0,4.0,3.0,2,4.0,3.0,4,3.0,6.0
618,619,1,6.0,0,3.0,1,3,9.0,15,2.0,1.0,2.0,2,4,2.0,2,3,3.0,3,3.0,2.0,3.0,1.0,5.0,3.0,4,4.0,2.0,4,3.0,5.0
619,620,2,2.0,0,2.0,1,7,9.0,8,1.0,4.0,2.0,2,1,1.0,2,2,3.0,3,3.0,3.0,3.0,2.0,1.0,1.0,2,2.0,3.0,3,2.0,9.0
620,621,2,3.0,0,3.0,1,2,9.0,9,1.0,1.0,1.0,1,1,1.0,3,2,3.0,3,3.0,2.0,3.0,3.0,3.0,3.0,3,3.0,3.0,2,3.0,7.0
621,622,2,6.0,0,3.0,1,3,9.0,9,2.0,1.0,2.0,1,8,3.0,3,3,4.0,3,4.0,3.0,2.0,3.0,4.0,3.0,2,2.0,3.0,2,2.0,7.0
622,623,2,4.0,0,3.0,1,3,9.0,12,2.0,2.0,1.0,1,2,1.0,4,2,2.0,4,3.0,3.0,3.0,3.0,4.0,3.0,2,4.0,5.0,3,2.0,8.0
623,624,1,6.0,0,3.0,1,3,9.0,9,1.0,4.0,2.0,1,3,3.0,2,2,2.0,2,2.0,2.0,2.0,1.0,2.0,2.0,2,2.0,2.0,2,2.0,6.0
624,625,2,3.0,0,3.0,1,3,9.0,9,2.0,1.0,2.0,3,2,3.0,3,3,3.0,3,2.0,3.0,3.0,2.0,3.0,2.0,3,2.0,3.0,2,2.0,8.0
625,626,1,4.0,0,1.0,1,9,9.0,3,2.0,1.0,2.0,3,2,2.0,3,2,3.0,3,3.0,3.0,2.0,2.0,3.0,3.0,3,3.0,3.0,2,2.0,8.0
627,628,2,4.0,1,3.0,1,3,9.0,13,2.0,1.0,1.0,1,4,3.0,3,3,3.0,3,3.0,3.0,2.0,4.0,4.0,3.0,3,4.0,3.0,3,2.0,8.0
628,629,1,3.0,1,3.0,1,2,9.0,13,2.0,1.0,2.0,2,3,2.0,4,3,4.0,1,2.0,3.0,4.0,2.0,1.0,3.0,3,2.0,3.0,3,2.0,8.0
629,630,1,3.0,0,3.0,1,3,9.0,9,2.0,1.0,1.0,3,2,1.0,1,1,2.0,1,2.0,2.0,3.0,2.0,1.0,1.0,2,2.0,2.0,2,1.0,9.0
630,631,2,3.0,0,3.0,1,2,9.0,13,2.0,1.0,2.0,2,1,2.0,2,2,3.0,3,2.0,3.0,3.0,2.0,1.0,2.0,2,3.0,3.0,2,2.0,8.0
631,632,1,5.0,0,3.0,2,1,9.0,13,2.0,1.0,2.0,1,4,2.0,3,3,3.0,1,2.0,3.0,3.0,1.0,2.0,2.0,1,2.0,2.0,4,3.0,8.0
632,633,2,4.0,0,3.0,1,2,9.0,12,2.0,1.0,2.0,2,3,2.0,3,4,4.0,3,2.0,3.0,4.0,1.0,1.0,3.0,3,3.0,3.0,3,4.0,6.0
633,634,1,2.0,0,3.0,1,4,9.0,9,2.0,1.0,1.0,3,1,1.0,1,1,2.0,1,2.0,2.0,3.0,1.0,1.0,1.0,2,2.0,1.0,1,1.0,9.0
634,635,2,3.0,0,3.0,1,1,9.0,13,2.0,1.0,2.0,2,3,2.0,3,3,4.0,2,2.0,3.0,3.0,1.0,2.0,3.0,2,1.0,3.0,3,2.0,8.0
635,636,2,3.0,0,3.0,1,2,9.0,14,2.0,1.0,1.0,3,0,2.0,2,4,3.0,2,2.0,2.0,3.0,1.0,1.0,2.0,2,2.0,3.0,2,3.0,7.0
636,637,1,6.0,0,3.0,1,2,7.0,15,2.0,1.0,2.0,3,4,3.0,4,3,5.0,1,2.0,3.0,2.0,2.0,2.0,3.0,4,3.0,2.0,1,3.0,8.0
637,638,1,6.0,0,3.0,1,2,7.0,14,2.0,1.0,2.0,1,3,2.0,3,3,4.0,4,3.0,3.0,3.0,3.0,3.0,3.0,4,4.0,4.0,3,3.0,5.0
638,639,2,3.0,0,3.0,1,5,7.0,8,2.0,2.0,1.0,2,0,2.0,3,3,4.0,4,3.0,2.0,3.0,2.0,4.0,2.0,4,4.0,3.0,1,3.0,6.0
639,640,2,2.0,0,3.0,1,4,7.0,8,2.0,3.0,1.0,1,2,2.0,2,2,2.0,3,3.0,3.0,3.0,2.0,3.0,2.0,3,3.0,3.0,2,3.0,6.0
640,641,1,4.0,0,1.0,1,9,7.0,3,2.0,1.0,1.0,1,2,2.0,4,3,3.0,3,3.0,3.0,3.0,2.0,3.0,2.0,3,4.0,3.0,3,2.0,8.0
641,642,1,4.0,0,1.0,1,8,7.0,3,2.0,1.0,1.0,3,2,2.0,2,2,2.0,2,2.0,2.0,2.0,2.0,2.0,1.0,1,1.0,1.0,1,1.0,9.0
642,643,2,2.0,0,3.0,1,9,2.0,7,2.0,1.0,2.0,1,1,2.0,3,2,3.0,2,2.0,2.0,2.0,2.0,3.0,2.0,2,2.0,2.0,2,1.0,8.0
643,644,2,4.0,0,3.0,1,3,7.0,8,2.0,1.0,2.0,2,3,3.0,3,3,2.0,1,2.0,2.0,2.0,2.0,2.0,1.0,1,2.0,3.0,2,3.0,6.0
644,645,2,2.0,0,2.0,1,9,7.0,14,1.0,2.0,1.0,3,1,2.0,3,3,3.0,3,3.0,3.0,3.0,3.0,3.0,3.0,3,3.0,3.0,2,2.0,6.0
645,646,2,1.0,0,2.0,1,6,7.0,15,1.0,4.0,2.0,4,1,1.0,2,2,2.0,2,3.0,2.0,1.0,3.0,2.0,2.0,2,3.0,3.0,3,3.0,10.0
646,647,1,2.0,0,3.0,2,6,7.0,6,3.0,4.0,2.0,3,1,4.0,4,4,5.0,4,4.0,3.0,4.0,3.0,2.0,3.0,3,3.0,3.0,1,3.0,6.0
647,648,1,2.0,0,2.0,1,9,7.0,14,1.0,1.0,2.0,3,0,2.0,2,2,3.0,2,2.0,3.0,3.0,2.0,3.0,2.0,2,3.0,4.0,3,2.0,7.0
648,649,1,4.0,0,1.0,1,9,7.0,2,2.0,1.0,1.0,4,1,2.0,3,2,2.0,2,2.0,3.0,1.0,1.0,1.0,1.0,2,2.0,3.0,3,2.0,9.0
650,651,2,3.0,0,3.0,1,5,7.0,9,2.0,2.0,1.0,4,2,2.0,2,3,4.0,3,3.0,3.0,3.0,2.0,2.0,1.0,3,3.0,3.0,2,2.0,8.0
651,652,1,4.0,0,1.0,1,9,7.0,3,2.0,2.0,1.0,3,2,2.0,2,2,2.0,2,1.0,2.0,2.0,1.0,2.0,2.0,2,2.0,2.0,2,2.0,8.0
652,653,2,6.0,0,2.0,2,2,7.0,14,2.0,4.0,2.0,1,2,3.0,3,3,3.0,4,2.0,3.0,3.0,2.0,1.0,2.0,3,3.0,3.0,3,2.0,6.0
653,655,2,3.0,0,3.0,1,6,7.0,4,2.0,1.0,2.0,2,3,2.0,2,3,3.0,3,2.0,3.0,2.0,2.0,2.0,3.0,3,2.0,2.0,2,2.0,6.0
654,656,2,3.0,0,2.0,1,6,7.0,14,2.0,4.0,2.0,3,1,2.0,4,4,3.0,3,3.0,2.0,2.0,1.0,1.0,1.0,4,3.0,3.0,1,2.0,8.0
655,657,1,2.0,0,3.0,1,8,7.0,8,1.0,1.0,2.0,1,0,3.0,3,3,3.0,3,4.0,2.0,1.0,2.0,2.0,2.0,3,3.0,3.0,1,2.0,8.0
656,658,2,2.0,0,2.0,1,6,10.0,8,2.0,4.0,1.0,1,1,3.0,3,3,3.0,3,3.0,3.0,3.0,3.0,4.0,4.0,3,5.0,3.0,3,4.0,6.0
657,659,2,2.0,0,3.0,1,4,1.0,8,2.0,1.0,2.0,1,3,5.0,5,5,3.0,5,3.0,3.0,3.0,3.0,5.0,3.0,5,5.0,3.0,4,3.0,10.0
658,660,2,2.0,0,2.0,1,4,7.0,8,1.0,4.0,2.0,2,1,3.0,3,5,4.0,3,3.0,3.0,4.0,3.0,4.0,3.0,3,3.0,3.0,3,5.0,9.0
659,661,1,2.0,0,3.0,1,5,10.0,10,4.0,1.0,1.0,4,3,1.0,1,1,2.0,1,2.0,1.0,1.0,1.0,2.0,2.0,3,2.0,3.0,1,2.0,10.0
660,662,2,6.0,0,3.0,1,2,7.0,14,2.0,2.0,2.0,1,4,1.0,4,4,5.0,4,2.0,2.0,3.0,1.0,1.0,3.0,5,5.0,2.0,4,3.0,5.0
661,663,1,6.0,0,1.0,1,3,7.0,14,2.0,1.0,2.0,1,7,2.0,2,3,2.0,2,1.0,1.0,1.0,2.0,4.0,1.0,1,1.0,1.0,3,2.0,10.0
662,664,1,2.0,0,2.0,1,9,7.0,14,1.0,1.0,2.0,3,0,2.0,4,4,2.0,1,4.0,2.0,2.0,2.0,2.0,2.0,3,3.0,4.0,2,2.0,8.0
663,665,1,5.0,0,3.0,1,5,7.0,8,4.0,4.0,2.0,1,4,4.0,4,4,4.0,4,4.0,3.0,4.0,4.0,3.0,3.0,3,4.0,3.0,4,4.0,5.0
664,666,1,6.0,0,1.0,1,3,7.0,14,2.0,4.0,2.0,1,0,3.0,3,3,2.0,3,2.0,3.0,2.0,2.0,2.0,2.0,2,3.0,3.0,2,2.0,6.0
665,667,2,4.0,0,3.0,1,9,7.0,12,1.0,1.0,2.0,3,1,3.0,3,3,3.0,4,2.0,3.0,3.0,2.0,3.0,4.0,4,4.0,4.0,3,2.0,7.0
667,669,2,5.0,0,3.0,1,3,7.0,8,2.0,4.0,2.0,2,2,1.0,2,2,2.0,4,2.0,2.0,1.0,2.0,2.0,2.0,2,2.0,3.0,2,2.0,8.0
668,670,2,3.0,0,3.0,1,5,7.0,8,2.0,1.0,2.0,2,0,3.0,3,4,3.0,4,3.0,3.0,3.0,3.0,2.0,3.0,3,3.0,3.0,2,2.0,6.0
670,672,1,2.0,0,3.0,1,3,7.0,14,1.0,1.0,1.0,1,1,2.0,3,3,4.0,4,4.0,2.0,2.0,2.0,2.0,2.0,2,4.0,3.0,2,1.0,3.0
671,673,2,2.0,0,3.0,1,9,7.0,8,1.0,4.0,2.0,2,1,3.0,4,3,4.0,3,3.0,4.0,4.0,4.0,4.0,3.0,3,4.0,3.0,2,3.0,6.0
672,674,2,2.0,0,2.0,1,9,7.0,14,1.0,1.0,2.0,1,0,3.0,3,4,3.0,3,3.0,3.0,3.0,3.0,2.0,4.0,3,4.0,4.0,3,2.0,6.0
673,675,2,2.0,0,3.0,1,8,7.0,8,2.0,1.0,2.0,1,1,3.0,3,3,2.0,2,2.0,4.0,4.0,2.0,2.0,2.0,2,3.0,3.0,4,1.0,6.0
674,676,1,2.0,0,2.0,1,10,7.0,5,1.0,4.0,1.0,2,0,2.0,3,2,2.0,2,2.0,3.0,3.0,2.0,3.0,1.0,3,2.0,2.0,2,2.0,7.0
675,677,1,3.0,0,1.0,1,9,7.0,3,2.0,1.0,1.0,3,1,2.0,2,2,3.0,2,2.0,2.0,2.0,1.0,2.0,2.0,2,2.0,2.0,2,2.0,8.0
676,678,2,4.0,0,3.0,1,8,7.0,3,2.0,1.0,1.0,3,0,2.0,2,3,4.0,4,3.0,2.0,3.0,3.0,4.0,2.0,3,4.0,3.0,2,3.0,7.0
677,679,2,2.0,0,3.0,1,9,7.0,14,1.0,1.0,2.0,2,0,2.0,3,3,2.0,4,4.0,3.0,3.0,2.0,4.0,1.0,2,4.0,5.0,2,2.0,6.0
678,680,1,3.0,0,3.0,1,8,7.0,9,2.0,1.0,1.0,3,1,2.0,2,3,3.0,3,4.0,2.0,3.0,2.0,3.0,3.0,2,2.0,3.0,2,2.0,7.0
679,681,1,5.0,0,3.0,1,2,7.0,12,2.0,4.0,2.0,1,3,3.0,2,2,2.0,2,2.0,2.0,2.0,2.0,3.0,1.0,2,2.0,3.0,4,3.0,6.0
680,682,1,2.0,0,2.0,2,8,7.0,8,1.0,1.0,2.0,1,1,2.0,4,2,5.0,4,2.0,2.0,2.0,2.0,2.0,2.0,4,3.0,4.0,3,1.0,8.0
682,684,1,3.0,0,3.0,1,9,7.0,7,2.0,3.0,1.0,4,0,2.0,2,3,3.0,4,3.0,3.0,2.0,2.0,2.0,3.0,4,3.0,3.0,2,2.0,7.0
683,685,2,1.0,0,3.0,1,5,7.0,14,1.0,1.0,2.0,3,0,2.0,3,3,3.0,4,4.0,2.0,4.0,3.0,4.0,5.0,3,5.0,4.0,2,3.0,7.0
684,686,1,6.0,0,3.0,1,2,7.0,13,2.0,1.0,1.0,1,1,2.0,4,4,4.0,4,2.0,4.0,4.0,2.0,2.0,2.0,5,2.0,4.0,4,4.0,3.0
685,687,2,3.0,0,1.0,1,10,7.0,7,2.0,2.0,1.0,4,0,3.0,3,3,3.0,3,4.0,3.0,3.0,2.0,3.0,3.0,3,3.0,2.0,2,2.0,7.0
686,688,2,3.0,0,1.0,1,9,7.0,14,2.0,1.0,1.0,1,1,3.0,3,3,3.0,3,2.0,3.0,5.0,3.0,4.0,2.0,2,3.0,3.0,2,2.0,6.0
687,689,2,2.0,0,2.0,1,9,7.0,4,1.0,4.0,2.0,3,1,2.0,3,2,2.0,3,3.0,3.0,3.0,2.0,2.0,3.0,2,2.0,3.0,3,2.0,7.0
688,690,1,2.0,0,2.0,1,4,7.0,8,1.0,4.0,2.0,1,2,3.0,4,3,3.0,4,3.0,3.0,4.0,2.0,4.0,4.0,5,5.0,3.0,2,3.0,7.0
689,691,1,6.0,0,1.0,1,5,7.0,14,2.0,1.0,2.0,2,5,2.0,2,2,4.0,3,2.0,2.0,2.0,3.0,2.0,1.0,2,4.0,3.0,2,2.0,8.0
690,692,2,6.0,0,3.0,1,3,7.0,14,2.0,1.0,1.0,2,1,2.0,4,2,2.0,1,2.0,2.0,3.0,1.0,2.0,2.0,2,2.0,2.0,3,2.0,8.0
691,693,2,2.0,0,3.0,1,3,7.0,8,2.0,1.0,1.0,3,2,1.0,2,2,2.0,3,2.0,2.0,2.0,2.0,3.0,3.0,3,3.0,2.0,2,2.0,7.0
692,694,1,4.0,0,3.0,2,5,7.0,9,2.0,1.0,1.0,1,2,5.0,4,4,5.0,5,5.0,4.0,5.0,4.0,5.0,3.0,5,5.0,4.0,4,4.0,3.0
693,695,2,4.0,0,3.0,1,3,7.0,9,2.0,1.0,2.0,2,2,2.0,4,3,3.0,5,5.0,3.0,3.0,2.0,5.0,2.0,3,4.0,4.0,2,3.0,6.0
694,696,1,2.0,0,3.0,1,8,7.0,8,1.0,1.0,2.0,3,0,3.0,4,3,2.0,4,4.0,3.0,2.0,3.0,5.0,3.0,4,5.0,3.0,2,2.0,6.0
695,697,2,4.0,1,3.0,2,8,2.0,12,2.0,2.0,1.0,1,3,5.0,5,4,5.0,5,5.0,5.0,4.0,2.0,3.0,1.0,5,5.0,2.0,3,4.0,5.0
696,698,1,2.0,0,2.0,1,8,1.0,4,1.0,2.0,2.0,1,0,1.0,5,2,2.0,2,3.0,3.0,3.0,2.0,4.0,2.0,3,4.0,3.0,2,1.0,6.0
697,699,1,2.0,0,2.0,1,8,7.0,9,2.0,4.0,1.0,3,1,3.0,3,3,4.0,2,2.0,3.0,2.0,2.0,3.0,2.0,2,2.0,3.0,2,2.0,7.0
698,700,2,4.0,0,3.0,1,3,2.0,12,2.0,1.0,2.0,1,1,2.0,3,3,3.0,3,2.0,2.0,3.0,2.0,3.0,3.0,2,3.0,3.0,2,2.0,5.0
699,701,1,2.0,0,3.0,1,4,2.0,4,1.0,4.0,2.0,1,1,2.0,3,3,3.0,2,2.0,2.0,3.0,2.0,2.0,3.0,2,2.0,3.0,3,3.0,7.0
700,702,2,1.0,0,2.0,1,5,7.0,15,1.0,4.0,2.0,2,3,3.0,3,3,3.0,3,3.0,3.0,3.0,3.0,3.0,3.0,3,3.0,3.0,3,3.0,5.0
701,703,2,4.0,0,1.0,1,9,7.0,5,2.0,2.0,1.0,4,2,2.0,2,2,2.0,2,2.0,2.0,2.0,2.0,2.0,2.0,2,2.0,3.0,2,2.0,8.0
702,704,2,3.0,0,3.0,7,9,7.0,8,2.0,1.0,2.0,3,3,3.0,3,3,2.0,5,3.0,3.0,4.0,4.0,4.0,2.0,4,5.0,4.0,4,4.0,4.0
703,705,2,3.0,0,3.0,1,4,7.0,12,2.0,1.0,1.0,3,1,3.0,3,2,2.0,2,1.0,2.0,3.0,2.0,1.0,2.0,3,2.0,2.0,1,3.0,7.0
705,707,1,4.0,0,3.0,1,8,7.0,12,2.0,4.0,1.0,2,3,3.0,3,3,2.0,1,3.0,3.0,3.0,2.0,3.0,3.0,2,3.0,3.0,2,2.0,7.0
706,708,1,2.0,0,3.0,2,6,7.0,8,2.0,1.0,1.0,1,0,1.0,2,2,2.0,2,3.0,3.0,2.0,3.0,5.0,4.0,4,4.0,3.0,3,2.0,6.0
707,709,1,2.0,0,2.0,1,8,7.0,8,1.0,4.0,2.0,1,1,3.0,3,3,3.0,3,3.0,3.0,3.0,3.0,4.0,2.0,2,3.0,2.0,2,3.0,7.0
709,711,1,3.0,0,2.0,1,8,7.0,5,2.0,4.0,2.0,1,0,5.0,5,5,5.0,5,5.0,5.0,5.0,5.0,5.0,5.0,5,5.0,5.0,4,1.0,5.0
710,712,1,2.0,0,2.0,1,6,7.0,3,1.0,1.0,2.0,4,3,3.0,3,2,3.0,3,2.0,3.0,3.0,2.0,2.0,2.0,2,3.0,2.0,2,1.0,7.0
711,713,1,5.0,0,1.0,1,5,7.0,14,2.0,1.0,1.0,4,3,2.0,2,2,2.0,3,3.0,3.0,3.0,3.0,3.0,3.0,3,3.0,3.0,2,2.0,10.0
712,714,2,2.0,0,2.0,1,8,7.0,4,1.0,4.0,2.0,1,1,1.0,2,1,2.0,2,2.0,2.0,2.0,2.0,2.0,2.0,2,2.0,1.0,2,1.0,7.0
713,715,2,2.0,0,3.0,1,9,7.0,7,2.0,2.0,2.0,3,1,3.0,3,4,3.0,3,3.0,4.0,3.0,3.0,3.0,2.0,3,4.0,3.0,2,2.0,6.0
714,716,1,2.0,0,3.0,1,8,6.0,5,1.0,1.0,1.0,4,0,1.0,1,1,1.0,1,1.0,2.0,1.0,2.0,3.0,1.0,1,2.0,2.0,1,1.0,9.0
715,717,1,2.0,0,2.0,2,9,5.0,8,1.0,1.0,2.0,3,2,2.0,4,3,3.0,3,2.0,2.0,2.0,2.0,5.0,2.0,2,3.0,3.0,2,1.0,7.0
716,718,1,2.0,0,3.0,1,8,1.0,4,1.0,1.0,2.0,4,1,4.0,3,3,5.0,3,3.0,3.0,3.0,3.0,4.0,4.0,3,5.0,4.0,2,3.0,5.0
718,720,2,3.0,0,3.0,1,8,7.0,14,2.0,1.0,2.0,2,2,3.0,5,5,3.0,5,4.0,4.0,4.0,2.0,4.0,3.0,4,3.0,2.0,2,3.0,4.0
720,722,2,1.0,0,2.0,1,9,7.0,7,1.0,1.0,2.0,4,0,2.0,3,2,4.0,4,4.0,3.0,5.0,2.0,2.0,3.0,3,3.0,3.0,2,2.0,7.0
721,723,2,2.0,0,9.0,7,8,3.0,1,4.0,2.0,2.0,2,2,2.0,3,3,3.0,3,2.0,3.0,2.0,2.0,3.0,3.0,3,3.0,3.0,3,2.0,8.0
725,727,1,3.0,0,3.0,1,1,7.0,5,2.0,2.0,1.0,5,1,2.0,3,3,3.0,1,3.0,2.0,3.0,2.0,2.0,1.0,4,3.0,3.0,1,1.0,8.0
726,728,1,2.0,0,3.0,1,1,5.0,14,1.0,4.0,2.0,3,0,3.0,4,4,4.0,3,2.0,4.0,4.0,3.0,3.0,3.0,3,3.0,3.0,3,3.0,5.0
727,729,2,4.0,0,1.0,1,9,7.0,3,2.0,1.0,1.0,5,0,2.0,1,1,2.0,1,3.0,2.0,2.0,2.0,3.0,2.0,2,3.0,3.0,3,2.0,8.0
728,730,2,2.0,0,3.0,1,9,7.0,7,1.0,1.0,2.0,3,0,3.0,2,2,3.0,1,2.0,2.0,3.0,3.0,3.0,4.0,3,3.0,3.0,1,2.0,7.0
729,731,2,3.0,0,3.0,1,9,1.0,8,2.0,1.0,2.0,4,1,2.0,2,3,2.0,1,2.0,2.0,3.0,3.0,2.0,1.0,2,3.0,3.0,3,2.0,8.0
730,732,1,4.0,0,1.0,1,9,7.0,1,2.0,1.0,1.0,4,0,1.0,1,1,2.0,3,2.0,1.0,2.0,2.0,3.0,2.0,2,3.0,1.0,2,1.0,9.0
731,733,1,3.0,0,3.0,1,3,7.0,10,4.0,1.0,2.0,3,0,3.0,3,3,3.0,4,5.0,3.0,2.0,2.0,2.0,3.0,3,3.0,3.0,2,2.0,6.0
732,734,2,2.0,0,3.0,1,8,5.0,14,1.0,4.0,2.0,3,0,3.0,4,4,3.0,4,4.0,4.0,3.0,3.0,3.0,3.0,3,3.0,3.0,3,4.0,6.0
734,736,2,2.0,0,3.0,1,9,7.0,12,1.0,4.0,2.0,4,0,3.0,3,4,3.0,3,3.0,2.0,3.0,2.0,2.0,4.0,3,3.0,3.0,2,3.0,7.0
735,737,1,2.0,0,3.0,2,8,3.0,9,1.0,4.0,2.0,2,3,3.0,4,4,5.0,4,3.0,3.0,3.0,3.0,2.0,2.0,4,5.0,3.0,2,3.0,5.0
738,740,1,3.0,0,1.0,1,9,2.0,2,2.0,1.0,1.0,3,1,2.0,2,1,2.0,4,1.0,2.0,1.0,2.0,1.0,1.0,3,2.0,2.0,2,1.0,9.0
744,746,1,2.0,0,3.0,1,9,3.0,7,1.0,4.0,1.0,2,0,2.0,2,2,2.0,2,2.0,2.0,2.0,3.0,2.0,1.0,2,3.0,3.0,1,2.0,8.0
745,747,1,3.0,0,3.0,1,8,7.0,4,1.0,1.0,2.0,4,0,2.0,2,2,1.0,1,2.0,3.0,2.0,4.0,4.0,1.0,2,2.0,3.0,3,2.0,7.0
746,748,1,4.0,0,3.0,2,5,7.0,10,2.0,1.0,1.0,4,0,2.0,1,2,2.0,4,2.0,2.0,1.0,1.0,2.0,3.0,2,2.0,3.0,2,1.0,8.0
747,749,1,6.0,0,3.0,1,5,7.0,14,3.0,2.0,2.0,4,0,2.0,2,2,3.0,1,4.0,1.0,3.0,2.0,2.0,2.0,2,2.0,3.0,3,2.0,8.0
748,750,2,2.0,0,3.0,1,9,7.0,12,1.0,4.0,2.0,4,1,3.0,3,1,3.0,1,5.0,3.0,2.0,2.0,2.0,4.0,3,3.0,3.0,3,3.0,7.0
749,751,1,4.0,0,1.0,1,9,7.0,7,2.0,1.0,1.0,4,0,2.0,3,2,2.0,1,2.0,3.0,2.0,2.0,2.0,1.0,2,3.0,3.0,3,2.0,8.0
750,752,2,2.0,0,3.0,1,7,7.0,14,1.0,1.0,2.0,3,0,4.0,4,4,3.0,4,3.0,4.0,3.0,2.0,2.0,4.0,3,3.0,3.0,2,3.0,6.0
751,753,1,3.0,0,3.0,1,9,7.0,4,1.0,1.0,1.0,4,1,3.0,2,2,3.0,1,2.0,2.0,2.0,2.0,2.0,4.0,3,3.0,3.0,2,2.0,7.0
752,754,2,2.0,0,3.0,1,8,7.0,12,1.0,1.0,2.0,4,1,2.0,3,2,3.0,1,2.0,2.0,4.0,3.0,2.0,2.0,2,4.0,2.0,2,2.0,8.0
753,755,1,5.0,0,3.0,1,9,2.0,3,2.0,3.0,1.0,5,2,1.0,1,1,1.0,2,3.0,1.0,2.0,2.0,3.0,2.0,2,2.0,1.0,2,1.0,9.0
754,756,1,6.0,0,3.0,1,5,9.0,9,2.0,1.0,2.0,1,2,2.0,2,3,3.0,2,2.0,2.0,3.0,3.0,4.0,3.0,3,3.0,2.0,3,3.0,6.0
755,757,2,1.0,0,3.0,1,8,2.0,4,2.0,1.0,1.0,1,0,2.0,2,2,3.0,3,2.0,3.0,2.0,3.0,3.0,2.0,3,3.0,3.0,3,2.0,6.0
759,761,2,1.0,0,2.0,1,9,7.0,14,1.0,4.0,2.0,3,0,3.0,4,3,3.0,3,3.0,2.0,2.0,2.0,3.0,3.0,4,3.0,2.0,3,2.0,6.0
760,762,1,3.0,0,2.0,1,9,7.0,12,2.0,2.0,1.0,3,1,2.0,3,3,3.0,3,2.0,3.0,2.0,2.0,1.0,2.0,2,3.0,2.0,2,1.0,8.0
761,763,2,2.0,0,3.0,2,9,7.0,14,2.0,4.0,1.0,5,1,3.0,3,3,2.0,2,2.0,2.0,3.0,2.0,2.0,2.0,2,2.0,3.0,3,2.0,6.0
763,765,2,1.0,0,2.0,1,5,1.0,12,1.0,1.0,2.0,4,2,2.0,3,3,4.0,3,2.0,2.0,3.0,2.0,2.0,2.0,2,2.0,2.0,2,1.0,8.0
765,767,2,6.0,0,3.0,1,3,3.0,12,2.0,1.0,2.0,1,1,2.0,5,2,2.0,4,2.0,3.0,1.0,3.0,1.0,2.0,3,3.0,3.0,1,2.0,10.0
766,768,2,2.0,0,3.0,2,8,8.0,4,2.0,1.0,1.0,3,3,1.0,2,2,2.0,3,2.0,2.0,3.0,3.0,3.0,2.0,3,3.0,2.0,2,2.0,8.0
767,769,2,4.0,0,3.0,1,3,7.0,8,2.0,1.0,2.0,2,2,3.0,4,3,3.0,4,3.0,3.0,3.0,2.0,4.0,3.0,3,4.0,3.0,3,3.0,5.0
768,770,2,4.0,0,3.0,5,9,7.0,14,2.0,2.0,1.0,2,2,2.0,2,3,2.0,3,2.0,2.0,2.0,2.0,3.0,2.0,3,3.0,3.0,3,2.0,7.0
769,771,2,5.0,0,1.0,1,9,7.0,2,2.0,2.0,1.0,3,4,1.0,1,1,1.0,1,2.0,1.0,1.0,1.0,3.0,1.0,1,1.0,1.0,2,1.0,10.0
770,772,2,2.0,0,2.0,1,9,7.0,8,1.0,1.0,2.0,3,0,3.0,2,2,2.0,3,3.0,3.0,3.0,3.0,3.0,2.0,3,3.0,3.0,2,2.0,7.0
771,773,2,2.0,0,1.0,1,10,3.0,10,4.0,4.0,2.0,1,5,5.0,4,3,3.0,4,4.0,3.0,3.0,3.0,3.0,3.0,1,1.0,3.0,1,3.0,5.0
772,774,1,1.0,0,1.0,1,4,7.0,1,1.0,4.0,2.0,1,1,1.0,1,1,1.0,1,1.0,1.0,1.0,1.0,1.0,1.0,1,1.0,1.0,1,1.0,10.0
775,777,1,3.0,0,1.0,1,9,7.0,3,2.0,1.0,1.0,4,0,2.0,2,2,2.0,3,2.0,2.0,2.0,3.0,3.0,2.0,3,3.0,2.0,3,1.0,8.0
776,778,1,2.0,0,2.0,1,9,7.0,8,1.0,2.0,1.0,4,0,2.0,2,2,2.0,3,2.0,2.0,2.0,2.0,2.0,2.0,2,3.0,2.0,2,2.0,8.0
779,781,2,2.0,1,3.0,1,9,7.0,14,1.0,4.0,2.0,1,0,3.0,3,3,4.0,3,3.0,3.0,3.0,3.0,3.0,2.0,3,3.0,3.0,2,2.0,7.0
780,782,2,5.0,0,3.0,1,5,3.0,14,2.0,1.0,2.0,1,0,2.0,3,3,2.0,5,2.0,3.0,3.0,2.0,3.0,3.0,2,4.0,2.0,2,2.0,5.0
781,783,2,3.0,0,2.0,1,5,3.0,4,2.0,4.0,2.0,1,4,4.0,5,4,5.0,5,3.0,3.0,2.0,2.0,3.0,2.0,4,5.0,5.0,3,3.0,5.0
782,784,2,3.0,0,3.0,1,8,7.0,15,2.0,1.0,2.0,2,2,4.0,4,4,3.0,2,2.0,2.0,3.0,3.0,3.0,2.0,3,3.0,2.0,2,2.0,6.0
783,785,2,4.0,0,3.0,1,6,7.0,3,2.0,1.0,2.0,2,3,3.0,4,3,5.0,5,5.0,5.0,5.0,4.0,5.0,4.0,5,5.0,5.0,3,5.0,0.0
784,786,2,2.0,0,3.0,1,4,7.0,2,1.0,4.0,2.0,2,2,2.0,2,2,2.0,1,1.0,2.0,2.0,2.0,2.0,2.0,2,3.0,3.0,2,4.0,5.0
785,787,2,2.0,0,3.0,1,4,3.0,12,2.0,4.0,2.0,1,1,3.0,3,3,3.0,3,4.0,4.0,3.0,4.0,3.0,3.0,3,3.0,3.0,2,2.0,5.0
786,788,1,3.0,0,3.0,2,3,9.0,10,1.0,1.0,2.0,1,0,2.0,4,3,2.0,2,2.0,2.0,2.0,2.0,3.0,2.0,2,2.0,2.0,2,2.0,7.0
787,789,2,3.0,0,3.0,2,9,7.0,4,2.0,1.0,2.0,1,3,2.0,3,2,2.0,3,3.0,2.0,3.0,3.0,3.0,2.0,4,3.0,3.0,2,2.0,8.0
788,790,1,2.0,0,3.0,1,5,10.0,4,1.0,1.0,2.0,5,0,1.0,5,1,5.0,1,3.0,2.0,1.0,2.0,3.0,1.0,1,2.0,2.0,2,1.0,10.0
789,791,1,2.0,0,3.0,1,8,9.0,3,1.0,2.0,2.0,3,0,3.0,2,2,3.0,4,2.0,3.0,3.0,2.0,4.0,1.0,3,3.0,2.0,3,2.0,7.0
791,793,2,2.0,0,2.0,2,8,10.0,7,1.0,4.0,2.0,1,0,3.0,3,2,3.0,3,4.0,3.0,3.0,3.0,2.0,3.0,2,3.0,2.0,3,3.0,6.0
792,794,2,2.0,0,2.0,1,5,5.0,8,1.0,4.0,2.0,3,2,2.0,2,2,2.0,3,2.0,2.0,2.0,1.0,2.0,2.0,2,2.0,2.0,1,1.0,8.0
793,795,2,2.0,0,1.0,1,8,7.0,14,2.0,3.0,1.0,4,2,2.0,2,1,1.0,3,2.0,2.0,1.0,2.0,2.0,2.0,2,2.0,2.0,1,1.0,10.0
794,796,2,2.0,0,2.0,1,5,2.0,5,1.0,2.0,2.0,2,0,1.0,2,2,2.0,3,3.0,3.0,3.0,4.0,4.0,2.0,3,4.0,3.0,2,2.0,8.0
795,797,2,2.0,0,1.0,1,9,3.0,6,2.0,2.0,1.0,5,0,2.0,2,2,3.0,4,3.0,2.0,3.0,2.0,3.0,1.0,4,3.0,4.0,3,2.0,9.0
797,799,2,3.0,0,2.0,1,6,7.0,12,2.0,1.0,2.0,1,0,3.0,3,3,3.0,3,5.0,3.0,3.0,3.0,3.0,3.0,3,3.0,3.0,2,3.0,7.0
799,801,1,2.0,0,3.0,1,3,3.0,12,2.0,4.0,2.0,1,0,3.0,5,3,5.0,5,5.0,5.0,5.0,5.0,1.0,3.0,4,5.0,3.0,3,3.0,3.0
800,802,1,2.0,0,3.0,1,9,7.0,2,1.0,4.0,1.0,2,0,3.0,3,2,3.0,1,3.0,2.0,2.0,3.0,2.0,1.0,2,4.0,3.0,2,1.0,7.0
802,804,1,4.0,0,3.0,1,5,7.0,4,2.0,4.0,1.0,1,4,3.0,5,5,4.0,4,4.0,5.0,5.0,2.0,2.0,5.0,2,4.0,3.0,3,3.0,5.0
803,805,2,2.0,0,3.0,1,8,7.0,14,2.0,1.0,1.0,1,1,2.0,3,4,3.0,3,2.0,3.0,2.0,2.0,2.0,1.0,3,2.0,3.0,2,2.0,8.0
804,806,1,4.0,0,3.0,1,2,7.0,13,2.0,1.0,2.0,1,7,3.0,3,2,3.0,3,3.0,3.0,2.0,2.0,1.0,2.0,3,2.0,3.0,2,2.0,6.0
805,807,1,4.0,0,2.0,2,9,9.0,7,2.0,4.0,2.0,2,3,3.0,5,3,5.0,3,3.0,3.0,2.0,3.0,3.0,2.0,3,5.0,3.0,3,1.0,6.0
806,808,2,2.0,0,3.0,1,5,7.0,1,2.0,1.0,1.0,1,0,1.0,1,1,1.0,1,2.0,2.0,1.0,1.0,2.0,2.0,1,2.0,2.0,1,2.0,9.0
807,809,2,2.0,0,1.0,1,9,2.0,5,1.0,1.0,2.0,4,1,2.0,2,2,2.0,3,2.0,2.0,2.0,2.0,3.0,1.0,3,3.0,3.0,2,3.0,6.0
808,810,2,4.0,0,3.0,1,5,2.0,8,2.0,2.0,1.0,1,1,2.0,2,2,3.0,3,2.0,3.0,3.0,3.0,2.0,2.0,3,3.0,3.0,3,2.0,8.0
809,811,2,2.0,0,2.0,1,5,7.0,8,2.0,1.0,2.0,1,0,3.0,3,3,4.0,3,2.0,3.0,3.0,3.0,4.0,3.0,3,3.0,3.0,2,2.0,6.0
810,812,2,1.0,0,2.0,1,4,1.0,6,1.0,4.0,2.0,1,2,2.0,2,2,3.0,3,1.0,2.0,1.0,1.0,1.0,2.0,2,1.0,2.0,1,2.0,8.0
811,813,2,2.0,0,2.0,1,8,7.0,4,2.0,2.0,1.0,3,0,3.0,3,3,3.0,5,2.0,3.0,3.0,3.0,4.0,3.0,4,4.0,3.0,2,1.0,8.0
812,814,2,3.0,0,2.0,1,8,7.0,14,2.0,1.0,2.0,2,2,2.0,2,2,2.0,3,2.0,2.0,2.0,2.0,2.0,2.0,3,3.0,2.0,1,2.0,5.0
813,815,2,2.0,0,2.0,1,8,7.0,7,2.0,1.0,2.0,1,2,2.0,3,3,3.0,3,3.0,3.0,3.0,2.0,2.0,2.0,3,3.0,3.0,2,2.0,7.0
814,816,2,2.0,0,3.0,1,8,7.0,8,2.0,1.0,2.0,2,2,2.0,3,3,3.0,3,2.0,3.0,3.0,2.0,5.0,1.0,3,3.0,3.0,1,1.0,9.0
815,817,1,2.0,0,1.0,1,9,7.0,3,1.0,4.0,2.0,2,0,3.0,3,3,3.0,2,3.0,3.0,3.0,3.0,3.0,2.0,3,3.0,2.0,2,2.0,7.0
816,818,2,4.0,0,3.0,1,6,7.0,9,2.0,2.0,1.0,4,1,2.0,3,2,3.0,3,2.0,2.0,3.0,3.0,3.0,3.0,3,3.0,3.0,2,2.0,8.0
817,819,2,3.0,1,1.0,1,10,7.0,2,2.0,1.0,1.0,4,1,2.0,2,2,3.0,2,2.0,2.0,3.0,3.0,3.0,2.0,3,3.0,3.0,2,2.0,8.0
818,820,1,5.0,0,1.0,1,9,7.0,2,2.0,2.0,1.0,4,2,2.0,2,2,3.0,3,2.0,2.0,3.0,3.0,3.0,3.0,3,3.0,3.0,3,2.0,8.0
819,821,2,4.0,0,3.0,1,6,7.0,5,2.0,2.0,1.0,4,2,3.0,2,2,3.0,3,3.0,3.0,3.0,3.0,3.0,3.0,3,3.0,3.0,3,2.0,7.0
820,822,2,2.0,0,1.0,1,9,7.0,3,2.0,1.0,1.0,4,1,2.0,2,2,3.0,3,3.0,3.0,3.0,3.0,3.0,2.0,3,3.0,2.0,2,2.0,8.0
821,823,1,5.0,0,3.0,1,3,7.0,3,2.0,1.0,2.0,3,2,3.0,3,3,3.0,3,3.0,3.0,3.0,3.0,3.0,3.0,3,3.0,3.0,2,3.0,6.0
822,824,2,3.0,0,3.0,1,4,7.0,9,2.0,2.0,1.0,4,1,2.0,2,2,3.0,3,3.0,2.0,3.0,3.0,2.0,2.0,2,3.0,3.0,3,2.0,8.0
823,825,2,6.0,0,3.0,2,2,7.0,14,2.0,2.0,2.0,4,3,2.0,2,2,2.0,2,3.0,2.0,2.0,2.0,2.0,1.0,2,2.0,2.0,2,1.0,9.0
824,826,2,5.0,0,3.0,1,2,7.0,4,2.0,2.0,1.0,3,2,2.0,3,3,3.0,3,3.0,2.0,3.0,3.0,2.0,2.0,3,3.0,2.0,2,2.0,8.0
825,827,2,2.0,0,3.0,1,9,10.0,5,2.0,1.0,2.0,1,1,2.0,2,2,2.0,4,4.0,1.0,2.0,3.0,2.0,1.0,3,3.0,3.0,3,2.0,8.0
826,828,2,2.0,0,3.0,1,4,3.0,12,2.0,4.0,2.0,1,0,3.0,3,3,3.0,3,3.0,3.0,3.0,3.0,3.0,3.0,3,3.0,3.0,3,3.0,1.0
827,829,1,4.0,0,3.0,1,9,4.0,5,2.0,1.0,1.0,4,0,3.0,3,2,3.0,3,3.0,3.0,3.0,1.0,3.0,1.0,3,3.0,1.0,1,2.0,8.0
828,830,1,2.0,0,3.0,1,10,7.0,12,1.0,1.0,2.0,2,2,1.0,1,1,1.0,1,2.0,3.0,3.0,3.0,4.0,1.0,3,3.0,3.0,2,2.0,7.0
829,831,2,2.0,0,2.0,1,9,5.0,14,1.0,1.0,2.0,5,2,3.0,4,4,3.0,2,4.0,4.0,3.0,2.0,1.0,3.0,4,4.0,3.0,2,2.0,6.0
831,833,1,2.0,0,2.0,1,8,5.0,7,2.0,4.0,2.0,1,2,3.0,3,3,3.0,5,3.0,2.0,2.0,3.0,3.0,4.0,3,5.0,3.0,4,2.0,7.0
832,834,1,2.0,1,2.0,1,9,8.0,8,1.0,2.0,2.0,3,0,2.0,3,2,2.0,3,3.0,3.0,3.0,2.0,5.0,2.0,3,3.0,3.0,2,2.0,5.0
833,835,2,1.0,0,3.0,1,5,8.0,14,1.0,3.0,2.0,5,2,3.0,3,3,3.0,3,3.0,3.0,3.0,5.0,3.0,3.0,3,3.0,3.0,2,2.0,7.0
834,836,1,3.0,1,3.0,1,3,4.0,14,1.0,4.0,2.0,2,2,1.0,1,1,1.0,1,1.0,1.0,1.0,1.0,1.0,1.0,1,1.0,1.0,1,1.0,10.0
835,837,1,6.0,0,3.0,7,3,3.0,13,2.0,2.0,2.0,1,5,1.0,5,5,4.0,1,2.0,1.0,1.0,2.0,1.0,1.0,1,3.0,1.0,3,1.0,8.0
836,838,2,4.0,0,1.0,1,2,10.0,9,2.0,4.0,2.0,2,3,3.0,2,2,4.0,2,2.0,2.0,2.0,2.0,2.0,1.0,3,2.0,2.0,2,4.0,7.0
837,839,1,3.0,1,1.0,1,10,8.0,2,2.0,2.0,2.0,4,3,4.0,4,4,2.0,5,2.0,4.0,4.0,2.0,2.0,2.0,4,4.0,4.0,2,4.0,5.0
838,840,1,2.0,0,2.0,1,9,6.0,14,1.0,4.0,2.0,4,0,2.0,4,1,2.0,3,2.0,2.0,2.0,2.0,2.0,2.0,2,2.0,2.0,2,2.0,8.0
840,842,1,2.0,0,3.0,1,4,8.0,12,1.0,4.0,2.0,1,0,3.0,3,3,3.0,3,4.0,3.0,3.0,3.0,3.0,3.0,3,3.0,3.0,2,3.0,5.0
841,843,2,5.0,0,3.0,1,4,8.0,8,2.0,4.0,2.0,2,3,4.0,4,3,4.0,2,4.0,4.0,2.0,2.0,2.0,3.0,2,4.0,2.0,2,2.0,8.0
842,844,2,3.0,0,3.0,1,9,8.0,12,2.0,1.0,1.0,3,1,4.0,4,4,4.0,3,3.0,4.0,4.0,3.0,4.0,3.0,4,4.0,3.0,3,3.0,5.0
843,845,1,3.0,0,3.0,1,8,8.0,6,2.0,2.0,1.0,5,2,3.0,3,3,3.0,4,3.0,3.0,3.0,2.0,2.0,2.0,3,4.0,2.0,2,1.0,8.0
844,846,1,4.0,0,3.0,2,3,8.0,8,2.0,1.0,1.0,2,2,3.0,4,3,3.0,3,2.0,2.0,2.0,4.0,3.0,3.0,2,4.0,2.0,2,3.0,8.0
845,847,1,2.0,0,2.0,1,9,8.0,14,1.0,4.0,2.0,2,0,3.0,4,3,4.0,2,3.0,3.0,2.0,4.0,4.0,3.0,3,4.0,2.0,2,2.0,6.0
846,848,2,2.0,0,2.0,2,6,8.0,14,4.0,1.0,2.0,2,2,5.0,5,5,4.0,3,4.0,3.0,5.0,3.0,1.0,3.0,5,5.0,5.0,3,3.0,6.0
847,849,1,1.0,0,2.0,1,4,8.0,6,1.0,1.0,2.0,1,0,1.0,1,1,1.0,1,1.0,1.0,1.0,1.0,1.0,1.0,1,1.0,1.0,1,1.0,10.0
852,854,2,2.0,0,2.0,1,7,8.0,10,2.0,1.0,1.0,1,0,2.0,3,2,3.0,3,3.0,2.0,3.0,3.0,4.0,3.0,3,3.0,3.0,3,2.0,8.0
853,855,2,5.0,0,3.0,2,9,8.0,5,2.0,1.0,2.0,3,4,3.0,3,3,4.0,3,5.0,4.0,4.0,3.0,3.0,3.0,3,2.0,2.0,2,1.0,6.0
856,858,2,3.0,0,3.0,1,3,8.0,6,2.0,1.0,2.0,1,6,1.0,3,2,4.0,1,2.0,1.0,1.0,1.0,2.0,1.0,1,3.0,3.0,3,3.0,8.0
857,859,2,4.0,0,3.0,6,9,8.0,3,2.0,2.0,1.0,4,2,2.0,1,2,3.0,4,4.0,2.0,3.0,2.0,3.0,2.0,4,4.0,3.0,3,3.0,9.0
858,860,2,6.0,0,3.0,1,3,8.0,14,2.0,1.0,2.0,2,3,3.0,3,3,3.0,3,2.0,2.0,3.0,2.0,1.0,3.0,3,3.0,2.0,2,2.0,5.0
859,861,1,3.0,0,1.0,2,9,8.0,6,2.0,2.0,1.0,4,2,2.0,3,2,3.0,3,3.0,3.0,3.0,3.0,3.0,2.0,3,3.0,2.0,3,1.0,6.0
860,862,2,5.0,0,1.0,1,6,8.0,14,2.0,1.0,1.0,3,4,3.0,3,3,4.0,2,3.0,3.0,2.0,3.0,2.0,1.0,3,3.0,2.0,2,3.0,7.0
861,863,2,2.0,0,2.0,1,9,8.0,7,1.0,1.0,2.0,3,0,2.0,3,3,2.0,4,3.0,3.0,2.0,2.0,2.0,2.0,3,4.0,2.0,2,2.0,7.0
862,864,2,2.0,0,2.0,1,9,8.0,12,1.0,4.0,2.0,3,0,2.0,3,3,2.0,3,4.0,3.0,4.0,2.0,4.0,2.0,3,4.0,3.0,2,2.0,7.0
863,865,1,3.0,0,3.0,1,4,8.0,9,2.0,3.0,2.0,2,3,5.0,4,4,3.0,3,3.0,3.0,3.0,3.0,4.0,3.0,3,3.0,3.0,3,3.0,5.0
864,866,2,5.0,0,3.0,1,2,8.0,8,1.0,1.0,2.0,3,2,3.0,3,4,2.0,4,3.0,4.0,3.0,4.0,1.0,2.0,4,3.0,3.0,2,3.0,8.0
865,867,1,1.0,0,2.0,1,4,8.0,14,1.0,4.0,2.0,1,1,2.0,3,2,2.0,2,4.0,3.0,3.0,3.0,3.0,2.0,2,3.0,3.0,3,1.0,10.0
866,868,1,6.0,0,3.0,1,2,8.0,14,2.0,4.0,2.0,3,4,3.0,3,3,3.0,5,2.0,3.0,2.0,2.0,2.0,3.0,3,4.0,3.0,3,3.0,6.0
867,869,1,5.0,0,3.0,1,2,8.0,14,2.0,1.0,2.0,3,3,3.0,4,3,4.0,3,2.0,3.0,4.0,2.0,3.0,3.0,2,4.0,3.0,3,2.0,7.0
868,870,1,3.0,0,2.0,2,9,8.0,10,2.0,1.0,2.0,2,2,4.0,4,4,3.0,1,2.0,3.0,3.0,2.0,3.0,2.0,3,3.0,2.0,1,2.0,6.0
869,871,1,3.0,0,1.0,1,9,8.0,8,2.0,1.0,2.0,2,3,2.0,4,3,4.0,4,3.0,3.0,3.0,4.0,4.0,3.0,2,2.0,3.0,2,2.0,7.0
871,873,2,5.0,0,3.0,1,5,8.0,9,2.0,2.0,1.0,3,6,2.0,2,2,2.0,1,5.0,2.0,2.0,2.0,2.0,2.0,2,5.0,3.0,2,2.0,8.0
872,874,1,5.0,0,3.0,1,3,8.0,12,2.0,1.0,2.0,1,2,2.0,5,2,5.0,1,1.0,4.0,2.0,2.0,2.0,2.0,1,5.0,2.0,2,2.0,7.0
873,875,1,2.0,0,3.0,1,8,8.0,5,2.0,1.0,2.0,3,0,1.0,3,2,3.0,3,3.0,3.0,2.0,2.0,2.0,2.0,3,3.0,2.0,2,2.0,8.0
875,877,2,4.0,0,3.0,1,3,8.0,9,2.0,4.0,2.0,1,5,3.0,3,2,2.0,2,3.0,2.0,3.0,2.0,2.0,2.0,3,2.0,3.0,2,2.0,8.0
876,878,2,4.0,0,3.0,1,2,8.0,9,2.0,1.0,1.0,1,3,1.0,1,2,1.0,1,2.0,2.0,1.0,1.0,1.0,1.0,2,2.0,1.0,1,1.0,5.0
877,879,2,3.0,0,3.0,1,8,8.0,9,2.0,1.0,1.0,2,2,2.0,2,2,3.0,2,2.0,2.0,3.0,3.0,4.0,3.0,2,3.0,3.0,3,3.0,5.0
878,880,2,6.0,0,3.0,1,2,8.0,14,3.0,1.0,2.0,1,3,2.0,1,1,1.0,5,2.0,2.0,2.0,2.0,2.0,2.0,2,1.0,2.0,2,1.0,10.0
879,881,1,5.0,0,1.0,1,5,8.0,12,2.0,1.0,2.0,2,2,2.0,4,3,2.0,2,3.0,2.0,3.0,2.0,3.0,3.0,4,5.0,3.0,3,2.0,5.0
880,882,1,4.0,0,1.0,1,5,8.0,11,2.0,1.0,1.0,1,3,3.0,3,3,3.0,5,3.0,3.0,4.0,3.0,3.0,3.0,4,4.0,3.0,2,3.0,7.0
881,883,1,3.0,0,2.0,1,10,3.0,5,1.0,1.0,1.0,2,1,3.0,3,3,3.0,4,4.0,2.0,2.0,1.0,3.0,3.0,2,2.0,2.0,2,2.0,8.0
882,884,1,2.0,0,2.0,1,8,2.0,4,1.0,4.0,2.0,3,0,3.0,3,3,4.0,3,3.0,4.0,4.0,2.0,2.0,4.0,3,3.0,3.0,2,2.0,8.0
883,885,2,2.0,0,3.0,1,3,8.0,8,2.0,4.0,2.0,1,0,3.0,4,4,4.0,4,4.0,3.0,3.0,3.0,2.0,3.0,4,3.0,3.0,2,3.0,6.0
884,886,2,3.0,0,3.0,1,4,8.0,8,2.0,1.0,2.0,1,2,4.0,5,4,5.0,5,4.0,4.0,5.0,5.0,3.0,3.0,4,4.0,4.0,2,3.0,6.0
886,888,2,5.0,0,3.0,1,3,8.0,14,2.0,1.0,2.0,1,3,5.0,5,5,3.0,3,3.0,3.0,3.0,3.0,3.0,3.0,3,3.0,3.0,3,3.0,8.0
887,889,2,4.0,0,3.0,1,5,3.0,8,2.0,2.0,1.0,1,3,1.0,1,1,2.0,1,2.0,2.0,1.0,3.0,2.0,2.0,3,3.0,3.0,2,1.0,8.0
888,890,1,2.0,0,2.0,1,6,8.0,5,1.0,1.0,1.0,2,1,3.0,3,3,2.0,3,3.0,3.0,3.0,3.0,2.0,2.0,3,4.0,3.0,2,1.0,8.0
889,891,1,3.0,0,3.0,1,5,8.0,10,2.0,4.0,1.0,2,4,3.0,3,4,4.0,4,2.0,3.0,3.0,2.0,3.0,3.0,3,4.0,5.0,5,3.0,5.0
890,892,1,2.0,0,2.0,1,3,8.0,8,2.0,1.0,1.0,3,2,2.0,3,5,2.0,2,3.0,2.0,3.0,3.0,2.0,2.0,2,4.0,2.0,2,2.0,7.0
892,894,2,1.0,0,3.0,1,4,8.0,9,2.0,4.0,2.0,1,0,3.0,4,2,2.0,1,3.0,3.0,2.0,2.0,3.0,3.0,3,2.0,1.0,3,2.0,5.0
893,895,1,1.0,0,2.0,3,8,10.0,8,1.0,4.0,1.0,5,1,1.0,1,2,1.0,2,1.0,3.0,4.0,1.0,1.0,2.0,3,4.0,3.0,1,1.0,10.0
894,896,2,2.0,0,1.0,1,9,8.0,9,2.0,1.0,1.0,4,1,1.0,2,2,3.0,2,2.0,2.0,2.0,3.0,2.0,2.0,2,3.0,2.0,2,1.0,9.0
897,899,1,2.0,1,2.0,1,5,10.0,12,1.0,1.0,2.0,2,1,3.0,3,4,4.0,4,2.0,2.0,2.0,3.0,3.0,2.0,4,3.0,3.0,1,2.0,7.0
898,900,1,1.0,0,2.0,2,6,10.0,11,1.0,4.0,2.0,1,1,3.0,3,3,4.0,3,3.0,3.0,4.0,2.0,3.0,2.0,3,3.0,3.0,3,2.0,8.0
899,901,2,4.0,0,3.0,1,3,10.0,5,2.0,1.0,2.0,2,4,3.0,3,2,2.0,3,3.0,3.0,3.0,3.0,2.0,2.0,3,3.0,3.0,2,2.0,7.0
900,902,2,4.0,0,1.0,1,9,7.0,2,2.0,2.0,1.0,3,3,2.0,2,2,2.0,1,2.0,2.0,3.0,2.0,2.0,3.0,2,2.0,2.0,2,2.0,8.0
901,903,1,3.0,0,3.0,1,8,4.0,6,2.0,1.0,1.0,1,0,3.0,3,3,3.0,2,3.0,4.0,4.0,4.0,2.0,4.0,3,4.0,3.0,2,3.0,5.0
902,904,1,2.0,0,3.0,4,2,8.0,12,2.0,1.0,2.0,1,1,3.0,5,5,5.0,1,2.0,3.0,2.0,1.0,1.0,1.0,3,3.0,3.0,2,3.0,6.0
903,905,1,5.0,0,3.0,2,2,8.0,10,2.0,1.0,2.0,1,4,5.0,5,5,2.0,2,2.0,2.0,2.0,2.0,4.0,3.0,2,3.0,3.0,3,3.0,6.0
904,906,2,5.0,0,3.0,1,1,8.0,14,2.0,1.0,2.0,1,4,1.0,3,3,4.0,3,3.0,2.0,2.0,3.0,2.0,1.0,4,5.0,4.0,3,3.0,8.0
905,907,2,1.0,0,2.0,1,5,8.0,8,1.0,4.0,2.0,1,3,3.0,4,4,3.0,3,4.0,4.0,4.0,2.0,2.0,2.0,4,4.0,4.0,2,3.0,6.0
906,908,1,3.0,0,3.0,1,8,7.0,10,2.0,1.0,1.0,2,1,1.0,2,2,3.0,2,1.0,2.0,3.0,3.0,1.0,1.0,1,3.0,3.0,1,2.0,8.0
910,912,2,5.0,0,3.0,7,2,3.0,14,2.0,1.0,2.0,1,4,2.0,5,5,4.0,2,2.0,2.0,2.0,2.0,2.0,2.0,2,3.0,2.0,4,2.0,3.0
911,913,2,3.0,0,3.0,1,3,8.0,14,2.0,1.0,2.0,2,2,2.0,3,2,2.0,2,1.0,3.0,3.0,2.0,2.0,1.0,3,4.0,2.0,2,2.0,8.0
912,914,1,2.0,0,3.0,1,3,1.0,8,1.0,4.0,1.0,1,2,2.0,2,2,2.0,2,1.0,1.0,2.0,2.0,2.0,1.0,2,2.0,2.0,2,1.0,8.0
914,916,1,5.0,0,3.0,1,3,4.0,11,2.0,1.0,2.0,1,3,1.0,3,1,1.0,3,1.0,3.0,3.0,2.0,2.0,3.0,1,2.0,2.0,1,2.0,8.0
915,917,1,2.0,0,2.0,1,5,8.0,3,2.0,4.0,2.0,3,1,1.0,1,3,1.0,1,2.0,2.0,1.0,1.0,1.0,3.0,3,2.0,1.0,4,1.0,10.0
916,918,1,2.0,0,2.0,1,8,8.0,14,1.0,4.0,2.0,3,0,5.0,5,3,2.0,2,3.0,2.0,2.0,1.0,1.0,2.0,2,4.0,3.0,1,5.0,8.0
917,919,2,2.0,0,2.0,1,5,8.0,12,1.0,4.0,2.0,1,1,3.0,5,3,3.0,3,3.0,3.0,3.0,3.0,2.0,3.0,3,2.0,3.0,2,3.0,7.0
918,920,2,6.0,0,3.0,1,1,8.0,14,3.0,1.0,2.0,1,2,1.0,1,3,2.0,4,2.0,1.0,2.0,2.0,3.0,2.0,2,4.0,2.0,3,1.0,8.0
919,921,2,5.0,0,3.0,1,2,8.0,14,2.0,1.0,2.0,1,4,2.0,3,3,1.0,2,1.0,3.0,3.0,1.0,2.0,2.0,3,3.0,4.0,3,2.0,9.0
920,922,2,4.0,0,3.0,1,3,8.0,14,2.0,4.0,2.0,1,3,2.0,4,3,3.0,2,3.0,3.0,4.0,2.0,2.0,3.0,3,5.0,5.0,3,4.0,2.0
921,923,1,5.0,0,3.0,1,3,8.0,12,2.0,1.0,2.0,2,4,1.0,2,2,2.0,2,3.0,1.0,2.0,2.0,1.0,3.0,2,2.0,3.0,3,4.0,6.0
922,924,1,3.0,0,1.0,1,9,3.0,2,2.0,1.0,1.0,3,0,3.0,5,4,2.0,3,4.0,3.0,5.0,2.0,4.0,3.0,3,3.0,2.0,2,4.0,6.0
923,925,2,4.0,0,1.0,1,8,8.0,2,2.0,1.0,1.0,2,1,2.0,2,2,2.0,2,2.0,2.0,2.0,2.0,2.0,2.0,2,2.0,2.0,2,2.0,8.0
924,926,1,2.0,0,3.0,1,8,8.0,12,1.0,4.0,2.0,3,0,1.0,2,3,3.0,3,2.0,2.0,1.0,2.0,3.0,1.0,1,1.0,1.0,3,1.0,7.0
925,927,1,3.0,0,3.0,1,8,8.0,2,2.0,1.0,1.0,1,0,2.0,3,2,2.0,2,3.0,2.0,2.0,2.0,2.0,2.0,2,2.0,3.0,1,3.0,8.0
926,928,2,4.0,0,3.0,1,3,8.0,9,2.0,1.0,1.0,1,1,2.0,4,3,2.0,2,1.0,3.0,2.0,1.0,1.0,1.0,3,3.0,1.0,1,1.0,10.0
927,929,2,5.0,0,3.0,1,3,8.0,14,2.0,3.0,2.0,4,7,2.0,2,2,5.0,5,1.0,5.0,2.0,1.0,1.0,2.0,4,2.0,2.0,1,2.0,10.0
928,930,1,5.0,0,3.0,1,6,8.0,7,2.0,1.0,1.0,2,5,2.0,3,3,2.0,4,3.0,3.0,3.0,2.0,2.0,2.0,3,3.0,3.0,2,3.0,7.0
929,931,2,2.0,0,2.0,1,9,8.0,12,1.0,4.0,2.0,2,0,1.0,3,2,1.0,1,1.0,1.0,1.0,1.0,1.0,2.0,1,2.0,1.0,1,1.0,9.0
930,932,1,2.0,0,1.0,1,10,3.0,3,1.0,2.0,2.0,2,0,2.0,2,2,1.0,1,2.0,2.0,2.0,2.0,4.0,2.0,3,3.0,2.0,3,2.0,8.0
931,933,1,3.0,0,3.0,1,9,8.0,3,2.0,1.0,1.0,2,0,2.0,2,2,4.0,4,3.0,3.0,3.0,2.0,4.0,3.0,3,3.0,3.0,2,2.0,6.0
932,934,2,6.0,0,3.0,1,1,8.0,14,2.0,1.0,2.0,1,6,1.0,1,1,1.0,2,1.0,2.0,2.0,1.0,1.0,1.0,1,2.0,1.0,3,1.0,9.0
933,935,2,2.0,0,2.0,1,4,8.0,12,2.0,4.0,2.0,1,1,1.0,1,3,1.0,1,2.0,1.0,2.0,1.0,1.0,2.0,3,2.0,2.0,1,2.0,8.0
934,936,2,4.0,1,3.0,1,2,8.0,8,2.0,4.0,2.0,1,3,3.0,2,2,1.0,2,2.0,2.0,3.0,1.0,1.0,3.0,3,4.0,3.0,1,2.0,5.0
935,937,1,2.0,0,2.0,1,4,8.0,10,2.0,1.0,1.0,2,0,3.0,3,3,2.0,3,3.0,3.0,2.0,2.0,2.0,3.0,3,4.0,4.0,3,2.0,7.0
936,938,1,3.0,0,3.0,1,8,8.0,7,2.0,1.0,1.0,1,0,3.0,3,3,3.0,3,3.0,3.0,3.0,3.0,3.0,3.0,3,2.0,3.0,2,2.0,7.0
937,939,1,5.0,0,1.0,1,8,8.0,3,2.0,1.0,2.0,2,4,2.0,2,2,2.0,2,2.0,2.0,2.0,2.0,2.0,2.0,2,2.0,2.0,2,1.0,9.0
938,940,1,5.0,0,1.0,1,8,8.0,3,2.0,1.0,1.0,3,3,1.0,1,1,2.0,2,2.0,1.0,1.0,2.0,1.0,1.0,1,1.0,1.0,1,1.0,10.0
939,941,2,6.0,0,3.0,1,2,8.0,13,3.0,1.0,2.0,1,2,3.0,3,3,3.0,2,2.0,2.0,4.0,3.0,3.0,2.0,2,3.0,2.0,2,2.0,3.0
940,942,2,6.0,0,1.0,1,2,8.0,13,2.0,1.0,2.0,1,5,2.0,2,3,1.0,2,1.0,2.0,2.0,2.0,2.0,2.0,5,5.0,3.0,2,3.0,6.0
943,945,1,3.0,0,1.0,2,8,8.0,9,2.0,2.0,1.0,4,2,4.0,4,4,3.0,5,3.0,4.0,4.0,5.0,5.0,3.0,5,5.0,5.0,3,1.0,5.0
944,946,2,3.0,0,3.0,1,3,8.0,8,2.0,4.0,2.0,1,0,5.0,3,2,5.0,5,2.0,5.0,5.0,5.0,5.0,5.0,5,5.0,5.0,2,5.0,0.0
945,947,2,2.0,0,3.0,1,5,2.0,14,2.0,2.0,2.0,3,1,2.0,4,4,4.0,3,4.0,3.0,3.0,3.0,4.0,3.0,3,3.0,2.0,2,3.0,5.0
946,948,2,2.0,0,3.0,1,6,2.0,14,2.0,1.0,1.0,1,0,1.0,2,3,2.0,3,2.0,2.0,2.0,3.0,2.0,1.0,2,3.0,3.0,1,3.0,7.0
947,949,1,3.0,0,3.0,1,9,2.0,9,1.0,1.0,1.0,2,0,2.0,3,2,3.0,2,2.0,2.0,3.0,3.0,4.0,2.0,2,3.0,3.0,2,2.0,8.0
948,950,2,2.0,0,1.0,1,8,2.0,8,1.0,4.0,2.0,2,1,3.0,3,3,3.0,3,3.0,3.0,3.0,3.0,3.0,3.0,3,3.0,3.0,2,2.0,6.0
949,951,1,2.0,0,3.0,2,8,2.0,4,2.0,4.0,2.0,2,2,3.0,3,3,4.0,2,2.0,2.0,3.0,3.0,4.0,3.0,3,3.0,3.0,2,1.0,7.0
950,952,2,4.0,0,1.0,1,9,2.0,3,4.0,1.0,1.0,3,0,2.0,2,2,2.0,3,2.0,2.0,3.0,2.0,3.0,2.0,2,3.0,2.0,2,2.0,8.0
951,953,2,2.0,0,3.0,1,6,2.0,12,1.0,4.0,2.0,1,0,3.0,4,3,3.0,2,3.0,4.0,3.0,3.0,3.0,2.0,2,3.0,3.0,2,3.0,7.0
952,954,1,2.0,0,3.0,1,8,2.0,8,1.0,4.0,2.0,1,1,3.0,3,4,3.0,3,4.0,3.0,3.0,2.0,2.0,3.0,3,4.0,3.0,1,3.0,6.0
953,955,2,2.0,0,3.0,7,5,2.0,9,1.0,1.0,2.0,2,0,2.0,3,2,2.0,2,4.0,2.0,2.0,2.0,2.0,2.0,2,2.0,3.0,2,1.0,8.0
954,956,1,2.0,0,1.0,1,10,2.0,12,1.0,4.0,2.0,1,0,3.0,3,3,3.0,3,3.0,3.0,3.0,3.0,3.0,3.0,3,4.0,4.0,4,3.0,4.0
955,957,2,2.0,0,3.0,1,9,2.0,12,1.0,4.0,2.0,2,0,3.0,3,3,3.0,3,3.0,3.0,3.0,3.0,3.0,3.0,3,3.0,3.0,3,3.0,4.0
956,958,2,3.0,0,3.0,1,6,2.0,6,2.0,2.0,1.0,3,0,2.0,2,2,2.0,4,2.0,2.0,3.0,2.0,2.0,2.0,2,2.0,2.0,2,2.0,8.0
957,959,1,2.0,0,1.0,1,8,2.0,10,1.0,4.0,2.0,2,1,4.0,5,4,3.0,5,3.0,2.0,3.0,1.0,2.0,2.0,2,3.0,3.0,2,2.0,7.0
958,960,1,2.0,0,3.0,1,9,7.0,10,1.0,1.0,1.0,3,1,2.0,2,3,2.0,3,2.0,2.0,1.0,1.0,3.0,2.0,2,2.0,2.0,1,1.0,10.0
959,961,2,4.0,0,3.0,1,5,2.0,14,2.0,1.0,1.0,2,0,1.0,1,1,1.0,1,1.0,2.0,1.0,1.0,2.0,1.0,2,1.0,3.0,1,1.0,10.0
960,962,2,2.0,0,3.0,1,10,2.0,7,1.0,3.0,1.0,2,0,2.0,3,3,3.0,3,3.0,3.0,3.0,3.0,3.0,3.0,3,3.0,3.0,3,3.0,6.0
961,963,1,3.0,0,3.0,1,9,1.0,4,1.0,1.0,2.0,3,0,3.0,3,3,5.0,5,2.0,2.0,2.0,2.0,5.0,2.0,5,5.0,1.0,5,1.0,6.0
962,964,2,5.0,0,3.0,6,6,2.0,9,2.0,3.0,2.0,2,8,3.0,3,3,3.0,3,2.0,2.0,3.0,2.0,2.0,2.0,3,2.0,3.0,3,3.0,6.0
963,965,1,3.0,0,3.0,2,8,8.0,9,2.0,2.0,1.0,5,0,3.0,3,3,3.0,2,3.0,3.0,1.0,3.0,3.0,2.0,3,3.0,3.0,1,1.0,9.0
964,966,2,2.0,0,1.0,1,9,1.0,7,2.0,2.0,2.0,3,0,3.0,3,3,3.0,4,5.0,3.0,2.0,2.0,4.0,3.0,4,4.0,3.0,3,2.0,8.0
965,967,1,4.0,0,1.0,1,8,7.0,12,2.0,2.0,1.0,4,4,1.0,1,1,1.0,1,1.0,1.0,1.0,1.0,1.0,1.0,1,1.0,2.0,1,1.0,10.0
971,973,1,5.0,0,3.0,1,3,4.0,12,1.0,4.0,2.0,1,2,3.0,4,2,4.0,4,2.0,4.0,4.0,3.0,4.0,4.0,3,4.0,4.0,3,3.0,5.0
979,981,1,6.0,0,3.0,1,3,3.0,10,2.0,1.0,2.0,2,5,2.0,2,2,2.0,3,3.0,3.0,3.0,2.0,2.0,3.0,2,2.0,2.0,2,2.0,7.0
980,982,1,6.0,0,1.0,1,8,4.0,7,2.0,1.0,2.0,2,1,2.0,2,2,2.0,2,2.0,2.0,3.0,3.0,3.0,3.0,2,3.0,3.0,3,2.0,6.0
981,983,2,6.0,0,2.0,1,3,3.0,10,2.0,2.0,2.0,2,6,2.0,2,2,3.0,3,2.0,2.0,1.0,2.0,2.0,1.0,2,2.0,2.0,2,1.0,10.0
982,984,2,6.0,0,3.0,1,3,3.0,14,2.0,2.0,2.0,1,7,1.0,1,3,1.0,2,2.0,1.0,2.0,2.0,1.0,1.0,1,2.0,2.0,2,2.0,10.0
983,985,2,6.0,0,3.0,1,2,5.0,5,2.0,1.0,2.0,1,3,1.0,3,2,4.0,3,3.0,2.0,3.0,3.0,3.0,3.0,3,3.0,3.0,4,2.0,7.0
984,986,2,6.0,0,1.0,1,5,7.0,5,2.0,3.0,2.0,2,2,1.0,2,2,5.0,5,2.0,2.0,2.0,2.0,2.0,1.0,2,2.0,2.0,2,1.0,9.0
985,987,2,6.0,0,3.0,1,2,2.0,15,3.0,1.0,1.0,1,2,1.0,1,2,2.0,2,2.0,2.0,2.0,2.0,2.0,1.0,2,2.0,2.0,2,2.0,10.0
1000,1002,1,6.0,0,1.0,1,3,7.0,13,2.0,1.0,2.0,2,3,1.0,2,1,2.0,2,1.0,1.0,1.0,1.0,1.0,1.0,2,1.0,1.0,2,1.0,9.0
1001,1003,1,6.0,0,1.0,1,3,7.0,13,2.0,1.0,1.0,2,2,1.0,1,1,1.0,1,1.0,1.0,1.0,1.0,2.0,3.0,2,2.0,2.0,2,1.0,8.0
1002,1004,2,6.0,0,3.0,1,2,7.0,13,2.0,1.0,2.0,1,2,2.0,2,3,2.0,1,2.0,3.0,3.0,3.0,2.0,3.0,3,3.0,3.0,3,1.0,7.0
